prim_key,Simple_Assertion,Implicit_Family_Duty,Explicit_Family_Norms,Close_knit,Personal_Character,Past_Support,Not_Reliable,Reciprocal_Support,Estrangement,Independence,Resources,Geographic_Proximity,No_Family,Verbal,Duration,Single_Person,Other_Help,Other_no_Help,Not Clear / Uncodeable Responses,Uncodeable
3000000000036,0,0,0,0,0,0,0,0,0,0,0,0,1,0,0,0,0,1,0,0
3000000000156,0,0,0,1,0,0,0,0,0,0,0,0,0,0,0,0,0,0,0,0
3000000000271,0,0,0,0,0,0,0,0,0,0,0,1,0,0,0,0,0,0,0,0
3000000000317,0,0,0,1,0,0,0,0,0,0,0,0,0,0,0,0,0,0,0,0
3000000000346,0,0,0,1,0,1,0,0,0,0,0,0,0,0,0,0,0,0,0,0
3000000000349,0,0,0,0,0,0,1,0,1,0,0,0,0,0,0,0,0,0,0,0
3000000000490,0,0,1,0,0,0,0,1,0,0,1,0,0,0,0,0,0,0,0,0
3000000000552,0,0,1,1,0,0,0,0,0,0,0,0,0,0,0,0,0,0,0,0
3000000000560,0,0,0,0,0,0,0,0,0,0,0,0,0,0,0,0,0,0,1,1
3000000000601,1,0,0,0,0,0,0,0,0,0,0,0,0,0,0,0,0,0,0,0
3000000000655,1,0,0,0,0,0,0,0,0,0,0,0,0,0,0,0,0,0,0,0
3000000000793,0,0,1,0,0,0,0,1,0,0,0,0,0,0,0,0,0,0,0,0
3000000000854,0,0,0,1,0,1,0,0,0,0,0,1,0,0,0,0,0,0,0,0
3000000000963,0,0,0,0,0,0,0,0,0,0,0,0,0,0,0,0,0,0,1,1
3000000001015,0,0,1,0,1,0,0,0,0,0,0,0,0,0,0,0,0,0,0,0
3000000001034,0,1,0,0,0,0,0,0,0,0,0,0,0,0,0,0,0,0,0,0
3000000001054,0,1,0,0,0,0,0,1,0,0,0,0,0,0,0,0,0,0,0,0
3000000001058,0,0,0,1,0,0,0,0,0,0,0,0,0,0,0,0,0,0,0,0
3000000001133,0,0,0,0,0,0,0,0,0,0,1,0,0,0,0,0,0,0,0,0
3000000001151,0,0,0,1,0,1,0,0,0,0,1,0,0,0,0,0,0,0,0,0
3000000001154,0,0,0,0,0,0,0,0,1,0,0,0,0,0,0,0,0,1,0,0
3000000001155,0,0,0,0,0,1,0,0,0,0,1,0,0,0,0,0,0,0,0,0
3000000001176,0,0,0,0,0,1,0,0,0,0,0,0,0,0,0,0,0,0,0,0
3000000001181,0,0,0,1,0,0,0,1,0,0,0,0,0,0,0,0,0,0,0,0
3000000001242,0,0,0,0,0,0,0,0,1,0,0,0,0,0,0,0,0,0,0,0
3000000001297,0,0,0,1,0,0,0,0,0,0,0,0,0,0,0,0,0,0,0,0
3000000001300,0,0,0,0,0,0,0,0,0,0,0,0,1,0,0,0,0,0,0,0
3000000001373,0,0,0,1,0,0,0,0,0,0,0,0,0,0,0,0,0,0,0,0
3000000001467,0,0,0,0,0,0,0,0,0,1,0,0,0,0,0,0,0,1,0,0
3000000001526,0,0,0,0,0,1,0,0,0,0,0,0,0,0,0,0,0,0,0,0
3000000001541,0,0,0,0,0,0,0,0,1,0,0,1,0,0,0,0,0,0,0,0
3000000001557,0,1,0,0,0,0,0,0,0,0,0,0,0,0,0,0,0,0,0,0
3000000001573,0,0,0,1,0,0,0,0,0,0,0,0,0,0,0,0,0,0,0,0
3000000001619,0,0,0,1,0,0,0,0,0,0,0,0,0,0,0,0,0,0,0,0
3000000001653,0,0,0,0,0,0,0,0,0,0,1,0,0,0,0,0,0,0,0,0
3000000001694,0,0,0,0,0,0,0,0,0,0,0,1,0,0,0,0,0,0,0,0
3000000001773,0,0,0,1,0,0,0,0,0,0,0,0,0,0,0,0,0,0,0,0
3000000001834,0,0,0,1,0,0,0,0,0,0,0,0,0,0,0,0,0,0,0,0
3000000001881,0,0,0,1,0,0,0,0,0,0,0,0,0,0,0,0,0,0,0,0
3000000001926,0,0,0,1,0,0,0,0,0,0,0,0,0,0,0,0,0,0,0,0
3000000002019,1,0,0,0,0,0,0,0,0,0,0,0,0,0,0,0,0,0,0,0
3000000002055,0,0,0,1,0,0,0,0,0,0,0,0,0,0,0,0,0,0,0,0
3000000002196,0,0,0,0,0,0,0,0,0,0,0,0,0,0,0,0,0,0,1,1
3000000002209,0,0,0,0,0,1,0,1,0,0,0,0,0,0,0,0,0,0,0,0
3000000002216,0,1,0,0,0,0,0,0,0,0,0,0,0,0,0,0,0,0,0,0
3000000002223,0,0,0,0,0,1,0,0,0,0,0,0,0,0,0,0,0,0,0,0
3000000002297,0,1,0,0,0,0,0,0,0,0,0,0,0,0,0,0,0,0,0,0
3000000002390,0,0,0,0,0,0,0,1,0,0,0,0,0,0,0,0,0,0,0,0
3000000002624,0,0,0,1,0,0,0,0,0,0,0,0,0,0,0,0,0,0,0,0
3000000002644,0,0,0,0,0,0,0,0,0,0,0,0,0,0,0,0,1,0,0,0
3000000002775,0,0,0,1,0,0,0,0,0,0,0,0,0,0,0,0,0,0,0,0
3000000002877,0,0,0,0,0,0,0,0,0,0,0,1,0,0,0,0,0,0,0,0
3000000002947,0,0,0,1,0,0,0,0,0,0,0,0,0,0,0,0,0,0,0,0
3000000002965,1,0,0,0,0,0,0,0,0,0,0,0,0,0,0,0,0,0,0,0
3000000002968,0,0,0,1,0,0,0,0,0,0,0,0,0,0,0,0,0,0,0,0
3000000003072,0,0,0,0,0,0,0,1,0,0,0,0,0,0,0,0,0,0,0,0
3000000003123,0,1,0,1,0,0,0,0,0,0,0,0,0,0,0,0,0,0,0,0
3000000003168,0,0,0,0,0,1,0,0,0,0,1,0,0,0,0,0,0,0,0,0
3000000003172,1,0,0,0,0,0,0,0,0,0,0,0,0,0,0,0,0,0,0,0
3000000003203,0,0,1,0,0,0,0,0,0,0,0,0,0,0,0,0,0,0,0,0
3000000003442,1,0,0,0,0,0,0,0,0,0,0,0,0,0,0,0,0,0,0,0
3000000003476,0,0,0,0,0,1,0,0,0,0,0,0,0,0,0,0,0,0,0,0
3000000003530,0,0,1,0,0,0,0,0,0,0,0,0,0,0,0,0,0,0,0,0
3000000003538,0,0,1,0,0,0,0,0,0,0,0,0,0,0,0,0,0,0,0,0
3000000003544,0,0,0,1,0,0,0,0,0,0,0,0,0,0,0,0,0,0,0,0
3000000003572,0,0,0,0,0,0,0,0,0,0,0,0,0,0,0,0,0,1,0,0
3000000003625,0,0,0,1,0,1,0,0,0,0,0,0,0,0,0,0,0,0,0,0
3000000003764,0,0,0,1,0,0,0,0,0,0,0,0,0,0,0,0,0,0,0,0
3000000003845,0,0,0,0,0,0,0,0,0,0,0,1,0,0,0,0,0,0,0,0
3000000003862,0,0,0,0,0,0,0,0,0,0,1,0,0,0,0,0,0,1,0,0
4000000000041,0,0,0,0,0,1,0,1,0,0,0,0,0,0,0,0,0,0,0,0
4000000000169,0,0,0,1,0,1,0,1,0,0,0,0,0,0,0,0,0,0,0,0
4000000000202,0,0,0,0,0,0,0,0,1,0,0,0,0,0,0,0,0,0,0,0
4000000000223,0,0,0,0,0,0,0,0,1,0,0,0,0,0,0,0,0,0,0,0
4000000000255,0,1,0,0,0,0,0,0,0,0,0,0,0,0,0,0,0,0,0,0
4000000000321,0,0,1,0,0,0,0,0,0,0,0,0,0,0,0,0,0,0,0,0
4000000000347,0,0,0,0,0,0,0,0,1,1,0,0,0,0,0,0,0,0,0,0
4000000000524,0,0,0,1,0,1,0,0,0,0,0,0,0,0,0,0,0,0,0,0
4000000000573,0,0,0,0,0,1,0,0,0,0,0,0,0,0,0,0,0,0,0,0
4000000000582,0,0,0,0,0,0,0,0,0,0,0,1,0,0,0,0,0,1,0,0
4000000000584,0,0,0,0,0,1,0,0,0,0,0,0,0,0,0,0,0,0,0,0
4000000000624,0,0,0,0,0,0,0,1,0,0,0,0,0,0,0,0,0,0,0,0
4000000000669,0,0,0,0,0,1,0,0,0,0,0,0,0,0,0,0,0,0,0,0
4000000000698,0,0,0,0,0,1,1,0,0,0,0,0,0,0,0,0,0,1,0,0
4000000000725,0,1,0,0,0,0,0,0,0,0,0,0,0,0,0,0,0,0,0,0
4000000000753,0,0,0,0,0,0,0,0,0,0,0,0,1,0,0,0,0,0,0,0
4000000000804,0,0,0,1,0,0,0,0,0,0,0,0,0,0,0,0,0,0,0,0
4000000000817,0,0,0,0,0,0,1,0,0,0,0,1,0,0,0,0,0,1,0,0
4000000000823,0,0,1,0,0,1,0,1,0,0,0,0,0,0,0,0,0,0,0,0
4000000000828,0,0,0,0,0,1,0,0,0,0,0,0,0,0,0,0,0,0,0,0
4000000000885,0,0,0,1,0,0,0,0,0,0,0,0,0,0,0,0,0,0,0,0
4000000000897,1,0,0,0,0,0,0,0,0,0,0,0,0,0,0,0,0,0,0,0
4000000000942,0,1,0,0,0,0,0,0,0,0,0,0,0,0,0,0,0,0,0,0
4000000000967,0,0,0,0,0,0,0,0,0,0,0,0,0,0,0,0,0,0,0,0
4000000001006,0,0,0,1,0,0,0,0,0,0,0,0,0,0,0,0,0,0,0,0
4000000001027,0,0,0,1,0,0,0,0,0,0,0,0,0,0,0,0,0,0,0,0
4000000001038,0,0,0,0,0,0,0,0,0,0,0,0,0,0,0,0,1,0,0,0
4000000001081,0,0,0,1,0,0,0,0,0,0,0,0,0,0,0,0,0,0,0,0
4000000001118,0,0,0,1,0,1,0,1,0,0,0,0,0,0,0,0,0,0,0,0
4000000001162,0,0,0,0,0,0,0,1,0,0,0,0,0,0,0,0,0,0,0,0
4000000001204,0,0,0,0,0,0,0,0,0,0,0,0,0,0,0,0,0,1,0,0
4000000001366,0,0,1,1,0,0,0,0,0,0,0,0,0,0,0,0,0,0,0,0
4000000001390,0,1,0,0,0,0,0,0,0,0,0,0,0,0,0,0,0,0,0,0
4000000001410,0,0,0,1,0,0,0,0,0,0,0,0,0,0,0,0,0,0,0,0
4000000001449,0,0,0,0,0,0,0,0,0,0,0,0,0,0,0,0,1,0,0,0
4000000001450,0,0,0,1,0,0,0,1,0,0,0,0,0,0,0,0,0,0,0,0
4000000001474,0,0,0,1,0,0,0,0,0,0,0,0,0,0,0,0,0,0,0,0
4000000001476,0,0,0,0,0,1,0,0,0,0,0,0,0,0,0,0,0,0,0,0
4000000001535,0,0,1,0,0,0,0,0,0,0,0,0,0,0,0,0,0,0,0,0
4000000001539,0,0,0,0,0,1,0,0,0,0,0,0,0,0,0,0,0,0,0,0
4000000001607,0,0,0,1,0,0,0,0,0,0,0,0,0,0,0,0,0,0,0,0
4000000001608,0,0,0,0,0,1,0,0,0,0,0,0,0,0,0,0,0,0,0,0
4000000001609,0,0,0,1,0,0,0,0,0,0,0,0,0,0,0,0,0,0,0,0
4000000001676,0,0,0,1,0,0,0,0,0,0,0,0,0,0,0,0,0,0,0,0
4000000001689,0,1,0,1,0,0,0,0,0,0,0,0,0,0,0,0,0,0,0,0
5000000000027,0,0,0,0,0,1,0,0,0,0,0,0,0,0,0,0,0,0,0,0
5000000000043,0,0,1,1,0,0,0,0,0,0,0,0,0,0,0,0,0,0,0,0
5000000000060,0,0,1,0,0,0,0,0,0,0,0,0,0,0,0,0,0,0,0,0
5000000000090,0,0,0,1,0,1,0,0,0,0,0,0,0,0,0,0,0,0,0,0
5000000000100,0,0,0,0,0,0,0,0,0,0,0,0,0,0,0,0,1,0,0,0
5000000000106,0,0,0,0,0,0,0,0,0,0,0,1,0,0,0,0,0,0,0,0
5000000000127,0,0,0,0,0,0,0,0,0,0,1,0,0,0,0,0,0,0,0,0
5000000000145,0,1,0,0,0,0,0,0,0,0,0,0,0,0,0,0,0,0,0,0
5000000000166,0,0,0,1,0,0,0,0,0,0,0,0,0,0,0,0,0,0,0,0
5000000000190,0,0,0,0,0,0,0,0,0,0,1,0,0,0,0,0,1,0,0,0
5000000000209,0,0,0,1,0,0,0,0,0,0,0,1,0,0,0,0,0,0,0,0
5000000000237,0,0,0,1,0,0,0,1,0,0,0,0,0,0,0,0,0,0,0,0
5000000000252,0,0,0,0,0,0,0,0,1,0,0,0,0,0,0,0,0,0,0,0
5000000000258,0,0,1,0,0,0,0,0,0,0,0,0,0,0,0,0,0,0,0,0
5000000000302,0,0,0,1,0,0,0,0,0,0,0,0,0,0,0,0,0,0,0,0
5000000000420,0,0,0,0,0,1,0,1,0,0,0,0,0,0,0,0,0,0,0,0
5000000000443,0,0,0,1,0,0,0,0,0,0,0,0,0,0,0,0,0,0,0,0
5000000000470,0,0,1,1,0,1,0,0,0,0,0,0,0,0,0,0,0,0,0,0
5000000000595,0,0,0,0,0,1,0,0,0,0,0,0,0,0,0,0,0,0,0,0
5000000000596,0,0,0,1,0,0,0,0,0,0,0,0,0,0,0,0,0,0,0,0
5000000000654,0,0,0,0,0,1,0,0,0,0,0,0,0,0,0,0,0,0,0,0
5000000000692,0,0,0,0,0,0,0,0,1,0,0,0,0,0,0,0,0,0,0,0
5000000000710,0,0,0,0,0,0,0,0,1,0,0,0,0,0,0,0,0,0,0,0
5000000000716,0,0,1,0,0,0,0,0,0,0,0,0,0,0,0,0,0,0,0,0
5000000000746,0,0,0,1,0,0,0,0,0,0,0,0,0,0,0,0,0,0,0,0
5000000000767,0,0,0,0,0,1,0,0,0,0,0,0,0,0,0,0,0,0,0,0
5000000000773,0,0,0,0,0,1,0,1,0,0,0,0,0,0,1,0,0,0,0,0
5000000000872,0,0,0,0,0,0,0,0,0,0,1,1,0,0,0,0,0,0,0,0
5000000001041,0,0,0,0,1,0,0,0,0,0,0,0,0,0,0,0,0,0,0,0
5000000001089,0,0,0,0,0,1,0,0,0,0,0,0,0,0,0,0,0,0,0,0
5000000001117,0,0,0,0,0,1,0,0,0,0,0,0,0,0,0,0,0,0,0,0
5000000001118,0,0,0,0,0,1,0,1,0,0,0,0,0,0,0,0,0,0,0,0
5000000001170,0,0,0,0,0,0,0,0,0,0,0,1,0,0,0,0,0,0,0,0
5000000001249,0,0,0,0,0,0,0,0,0,0,0,0,0,0,0,0,0,0,1,1
5000000001281,0,0,1,0,0,0,0,0,0,0,0,0,0,0,0,0,0,0,0,0
5000000001339,0,0,0,1,0,1,0,0,0,0,0,0,0,0,0,0,0,0,0,0
5000000001393,0,0,0,1,0,1,0,0,0,0,0,0,0,0,0,0,0,0,0,0
5000000001485,0,0,0,0,0,0,0,0,1,0,0,1,0,0,0,0,0,0,0,0
5000000001528,0,0,0,0,0,0,0,0,0,0,0,0,0,0,0,0,0,0,1,1
5000000001540,0,0,0,0,0,0,0,0,0,0,0,0,0,0,0,0,0,0,0,0
5000000001592,0,0,1,1,0,0,0,0,0,0,0,0,0,0,0,0,0,0,0,0
5000000001626,0,0,0,1,0,0,0,0,0,0,0,0,0,0,0,0,0,0,0,0
5000000001648,0,1,0,1,0,0,0,0,0,0,0,0,0,0,0,0,0,0,0,0
5000000001669,1,0,0,0,0,0,0,0,0,0,0,0,0,0,0,0,0,0,0,0
5000000001747,0,1,0,0,0,0,0,0,0,0,0,0,0,0,0,0,0,0,0,0
5000000001756,0,0,0,0,0,0,0,0,0,0,0,0,0,0,0,0,0,1,0,0
5000000001830,0,0,0,0,0,0,0,0,1,1,0,0,0,0,0,0,0,0,0,0
5000000001835,0,0,0,0,0,0,0,0,0,0,1,0,0,0,0,0,0,0,0,0
5000000001840,0,0,0,0,0,0,0,0,0,0,0,0,1,0,0,0,0,0,0,0
5000000001860,0,0,0,0,0,0,0,0,1,0,0,0,0,0,0,0,0,0,0,0
5000000001877,0,0,0,0,0,1,0,0,0,0,0,0,0,0,0,0,0,0,0,0
5000000001887,0,0,0,1,0,0,0,0,0,0,1,1,0,0,0,0,0,0,0,0
5000000001913,1,0,0,0,0,0,0,0,0,0,0,0,0,0,0,0,0,0,0,0
5000000001915,0,0,0,0,0,1,0,1,0,0,0,0,0,0,0,0,0,0,0,0
6000000000125,0,0,0,1,0,0,0,0,0,0,1,0,0,0,0,0,0,0,0,0
6000000000138,0,0,0,0,0,1,0,1,0,0,0,0,0,0,0,0,0,0,0,0
6000000000178,0,0,0,1,0,0,0,0,0,0,0,0,0,0,0,0,0,0,0,0
6000000000291,0,0,0,1,0,0,0,0,0,0,0,0,0,0,0,0,0,0,0,0
6000000000309,0,0,0,0,0,0,0,0,0,0,0,0,0,0,0,0,1,0,0,0
6000000000333,0,0,0,0,0,0,0,0,0,0,1,0,0,0,0,0,0,1,0,0
6000000000409,0,0,0,0,0,0,1,0,0,0,0,1,0,0,0,0,0,0,0,0
6000000000444,0,0,0,0,1,1,0,0,0,0,0,0,0,0,0,0,0,0,0,0
6000000000490,0,0,0,1,1,0,0,0,0,0,0,0,0,0,0,0,0,0,0,0
6000000000500,0,1,0,0,0,0,0,0,0,0,0,0,0,0,0,0,0,0,0,0
6000000000512,0,0,0,1,0,0,0,0,0,0,0,0,0,0,0,0,0,0,0,0
6000000000622,0,0,0,0,0,0,0,0,0,0,1,0,0,0,0,0,0,0,0,0
6000000000691,0,0,0,0,0,0,0,1,0,0,0,0,0,0,0,0,0,0,0,0
6000000000793,0,0,0,1,0,0,0,0,0,0,0,0,0,0,0,0,0,0,0,0
6000000000843,0,1,0,0,0,0,0,0,0,0,0,0,0,0,0,0,0,0,0,0
6000000000860,0,0,0,0,0,0,1,0,0,1,0,0,0,0,0,0,0,0,0,0
6000000000922,0,0,0,1,0,1,0,1,0,0,0,0,0,0,0,0,0,0,0,0
6000000000962,1,0,0,0,0,0,0,0,0,0,0,0,0,0,0,0,0,0,0,0
6000000001011,0,0,0,1,1,0,0,0,0,0,0,1,0,0,0,0,0,1,0,0
6000000001031,1,0,0,0,0,0,0,0,0,0,0,0,0,0,0,0,0,0,0,0
6000000001047,0,0,0,1,0,0,0,1,0,0,0,0,0,0,0,0,0,0,0,0
6000000001051,0,0,0,0,0,1,0,0,0,0,0,0,0,0,0,0,0,0,0,0
6000000001114,0,0,0,0,0,1,0,0,0,0,0,0,0,0,0,0,0,0,0,0
6000000001202,0,0,0,1,0,0,0,0,0,0,0,0,0,0,0,0,0,0,0,0
6000000001254,0,0,0,1,0,0,0,0,0,0,1,0,0,0,0,0,0,0,0,0
6000000001258,1,0,0,0,0,0,0,0,0,0,0,0,0,0,0,0,0,0,0,0
6000000001316,0,1,0,0,0,0,0,0,0,0,0,0,0,0,0,0,0,1,0,0
6000000001404,0,1,0,0,0,0,0,0,0,0,0,0,0,0,0,0,0,0,0,0
6000000001424,0,0,0,1,0,0,0,0,0,0,0,0,0,0,0,0,0,0,0,0
6000000001426,0,0,0,0,1,0,0,0,0,0,1,0,0,0,0,0,0,0,0,0
6000000001440,0,0,1,0,0,0,0,0,0,0,0,0,0,0,0,0,0,0,0,0
6000000001500,0,0,0,1,0,1,0,0,0,0,0,0,0,0,0,1,0,0,0,0
6000000001577,0,0,1,0,0,0,0,0,0,0,0,0,0,0,0,0,0,0,0,0
6000000001796,0,0,0,0,1,0,0,0,0,0,1,0,0,0,0,0,0,0,0,0
6000000001814,0,0,1,0,0,0,0,1,0,0,0,0,0,0,0,0,0,0,0,0
6000000001841,0,0,0,1,0,0,0,0,0,0,0,0,0,0,0,0,0,0,0,0
6000000001860,0,0,0,0,0,1,0,0,0,0,0,0,0,0,0,0,0,0,0,0
6000000002059,1,0,0,0,0,0,0,0,0,0,0,0,0,0,0,0,0,0,0,0
6000000002079,0,0,0,0,0,0,1,0,0,0,1,0,0,0,0,0,0,0,0,0
6000000002106,0,0,0,1,0,1,0,0,0,0,0,0,0,0,0,0,0,0,0,0
6000000002110,0,0,0,0,1,1,0,0,0,0,1,0,0,0,0,1,0,0,0,0
6000000002159,0,0,0,1,0,0,0,0,0,0,0,0,0,0,0,0,0,0,0,0
6000000002191,0,1,0,0,0,0,0,0,0,0,0,0,0,0,0,0,0,0,0,0
6000000002236,0,0,1,0,0,0,0,0,0,0,0,0,0,0,0,0,0,0,0,0
6000000002275,0,0,0,1,0,0,0,0,0,0,0,0,0,0,0,0,0,0,0,0
6000000002373,0,0,0,0,0,1,0,0,0,0,0,0,0,0,0,0,0,0,0,0
6000000002430,0,0,0,0,0,1,0,0,0,0,0,0,0,0,0,0,0,0,0,0
6000000002641,0,0,0,1,0,0,0,0,0,0,0,0,0,0,0,0,0,0,0,0
6000000002733,0,0,0,1,0,0,0,0,0,0,0,0,0,0,0,0,0,0,0,0
6000000002752,0,0,0,1,0,0,0,0,0,0,0,0,0,0,0,0,0,0,0,0
6000000002788,0,0,0,0,0,0,0,0,0,0,0,0,0,0,0,0,0,0,0,0
6000000002795,0,0,0,0,0,0,0,0,0,0,0,0,1,0,0,0,0,0,0,0
6000000002824,0,1,0,0,0,0,0,0,0,0,1,0,0,0,0,0,0,0,0,0
6000000002848,0,1,0,0,0,0,0,0,0,0,0,0,0,0,0,0,0,0,0,0
6000000002946,0,0,0,1,1,0,0,0,0,0,0,0,0,0,0,0,0,0,0,0
6000000002991,0,0,0,0,0,0,0,0,1,0,0,0,1,0,0,0,0,0,0,0
6000000003064,0,0,0,0,0,0,0,0,0,0,0,0,1,0,0,0,0,0,0,0
6000000003076,0,0,0,0,0,0,0,1,0,0,0,0,0,0,0,0,0,0,0,0
6000000003130,0,0,0,0,1,0,0,0,1,0,0,0,0,0,0,0,0,0,0,0
6000000003233,0,1,0,0,0,0,0,0,0,0,0,0,0,0,0,0,0,0,0,0
6000000003303,0,0,0,1,0,0,0,0,0,0,0,0,0,0,0,0,0,0,0,0
6000000003429,0,0,0,1,0,0,0,0,0,0,0,0,0,0,0,0,0,0,0,0
6000000003455,0,0,0,1,0,0,0,1,0,0,0,0,0,0,0,0,0,0,0,0
6000000003583,0,0,0,0,0,0,0,0,0,1,1,0,0,0,0,0,0,0,0,0
6000000003619,0,0,0,0,0,0,0,0,0,0,0,0,1,0,0,0,0,0,0,0
6000000003674,0,0,0,1,0,0,0,0,0,0,0,0,0,0,0,0,0,0,0,0
6000000003689,0,0,0,0,0,0,0,0,0,0,0,1,0,0,0,0,0,0,0,0
6000000003780,0,0,0,0,0,0,0,0,0,0,0,0,0,0,0,0,1,0,0,0
6000000003806,0,0,1,0,0,0,0,0,0,0,0,0,0,0,0,0,0,0,0,0
6000000003809,0,0,0,0,0,0,0,0,0,1,0,0,0,0,0,0,0,0,0,0
6000000003875,0,0,1,0,0,0,0,0,0,0,0,0,0,0,0,0,0,0,0,0
6000000003878,0,0,1,0,0,0,0,0,0,0,0,0,0,0,0,0,0,0,0,0
6000000003997,0,1,0,0,0,0,0,0,0,0,0,0,0,0,0,0,0,0,0,0
6000000004105,0,0,0,1,0,0,0,0,0,0,0,0,0,0,0,0,0,0,0,0
6000000004116,0,0,0,0,0,0,1,0,0,0,1,0,0,0,0,0,0,0,0,0
6000000004188,0,0,0,0,0,0,0,0,1,0,0,0,0,0,0,0,0,0,0,0
6000000004214,0,0,0,0,0,0,0,0,0,0,0,0,0,0,0,0,1,0,0,0
6000000004228,0,0,0,1,0,0,0,0,0,0,0,0,0,0,0,0,0,0,0,0
6000000004275,0,0,0,0,0,1,0,1,0,0,0,0,0,0,0,0,0,0,0,0
6000000004286,0,0,0,0,0,0,0,0,0,0,0,0,0,0,0,0,1,0,0,0
6000000004389,0,0,0,0,0,0,0,0,1,0,0,1,0,0,0,0,0,1,0,0
6000000004466,0,0,0,0,0,0,0,0,1,0,0,1,0,0,0,0,0,1,0,0
6000000004529,0,0,0,0,0,1,0,1,0,0,0,0,0,0,0,0,0,0,0,0
6000000004547,0,0,1,0,0,1,0,0,0,0,0,0,0,0,0,0,0,0,0,0
6000000004649,0,0,0,1,0,0,0,0,0,0,0,0,0,0,0,0,0,0,0,0
6000000004680,0,1,0,0,0,0,0,0,0,0,0,0,0,0,0,0,0,0,0,0
6000000004740,0,0,0,0,0,1,0,0,0,0,1,0,0,0,0,0,0,0,0,0
6000000004905,0,0,1,1,0,0,0,0,0,0,0,0,0,0,0,0,0,0,0,0
6000000005041,0,0,0,1,0,1,0,1,0,0,0,0,0,0,0,0,0,0,0,0
6000000005085,0,0,0,0,0,1,0,0,0,0,0,0,0,0,0,0,0,0,0,0
6000000005129,0,0,0,1,0,0,0,0,0,0,0,0,0,0,0,1,0,0,0,0
6000000005209,0,0,0,1,0,0,0,0,0,0,1,0,0,0,0,0,0,0,0,0
6000000005212,0,1,0,0,0,0,0,0,0,0,0,0,0,0,0,0,0,0,0,0
6000000005233,0,0,0,0,0,0,1,0,0,0,0,0,0,0,0,0,0,0,0,0
6000000005428,0,0,0,1,0,1,0,1,0,0,0,0,0,0,0,0,0,0,0,0
7000000000181,0,0,0,0,0,0,0,0,1,0,0,0,0,0,0,0,0,0,0,0
7000000000403,0,0,0,1,0,1,0,0,0,0,0,0,0,0,0,0,1,0,0,0
7000000000668,0,0,0,1,0,1,0,1,0,0,0,0,0,0,0,0,0,0,0,0
7000000000670,0,0,0,1,0,0,0,0,0,0,0,0,0,0,0,1,0,0,0,0
7000000000750,0,0,0,0,0,0,0,0,1,0,0,0,0,0,0,0,0,1,0,0
7000000000804,0,0,0,0,0,0,0,0,0,0,0,1,0,0,0,0,0,0,0,0
7000000000813,0,0,0,0,0,0,0,0,0,0,0,0,0,0,0,0,1,0,0,0
7000000001093,0,0,0,1,0,0,0,0,0,0,0,0,0,0,0,0,0,0,0,0
7000000001111,1,0,0,0,0,0,0,0,0,0,0,0,0,0,0,0,0,0,0,0
7000000001234,0,0,0,1,0,0,0,0,0,0,0,0,0,0,0,0,0,0,0,0
7000000001260,0,0,0,0,0,1,0,0,0,0,0,0,0,0,0,0,0,0,0,0
7000000001337,0,1,0,0,0,0,0,1,0,0,0,0,0,0,0,0,0,0,0,0
7000000001354,0,0,1,0,1,0,0,0,0,0,0,0,0,0,0,0,0,0,0,0
7000000001373,0,0,0,1,0,1,0,0,0,0,0,0,0,0,0,0,1,0,0,0
7000000001374,0,0,0,0,0,1,0,0,0,0,0,0,0,0,0,0,0,0,0,0
7000000001398,0,0,0,0,0,0,0,0,0,0,0,0,0,0,0,0,1,0,0,0
7000000001487,0,0,0,0,0,1,0,0,0,0,0,0,0,0,0,0,0,0,0,0
7000000001539,0,0,0,0,0,1,0,1,0,0,0,0,0,0,0,0,0,0,0,0
7000000001684,0,0,0,1,0,0,0,0,0,0,1,0,0,0,0,0,0,0,0,0
7000000001994,0,0,0,0,0,0,0,0,1,0,0,1,0,0,0,0,0,0,0,0
7000000002023,0,0,1,0,0,0,0,0,0,0,0,0,0,0,0,0,0,0,0,0
7000000002033,0,1,0,1,0,0,0,0,0,0,0,0,0,0,0,0,0,0,0,0
7000000002056,0,0,0,0,0,0,0,0,0,0,0,0,1,0,0,0,0,0,0,0
7000000002152,0,0,0,1,0,0,0,0,0,0,0,0,0,0,0,0,0,0,0,0
7000000002213,0,1,0,0,0,0,0,0,0,0,0,0,0,0,0,0,0,0,0,0
7000000002218,0,0,0,1,0,0,0,0,0,0,0,0,0,0,0,0,1,0,0,0
7000000002372,0,0,0,0,1,0,0,0,0,0,0,0,0,0,0,1,0,0,0,0
7000000002579,0,0,0,0,0,0,1,0,0,0,0,0,0,0,0,0,0,0,0,0
7000000002681,0,1,0,0,0,0,0,0,0,0,0,0,0,0,0,0,0,0,0,0
7000000002769,0,0,0,0,0,1,0,0,0,0,0,0,0,0,0,0,0,0,0,0
7000000002772,0,0,0,0,0,0,0,0,0,0,0,0,0,0,0,0,1,0,0,0
7000000002869,0,0,0,0,0,1,0,0,0,0,0,0,0,0,0,0,0,0,0,0
7000000003000,0,0,0,0,0,1,0,0,0,0,1,0,0,0,0,1,0,0,0,0
7000000003067,0,0,0,1,0,0,0,0,0,0,0,0,0,0,0,1,0,0,0,0
7000000003123,0,0,0,0,0,1,0,0,0,0,0,0,0,0,0,0,0,0,0,0
7000000003126,0,0,0,1,0,0,0,0,0,0,0,0,0,0,0,0,0,0,0,0
7000000003142,0,1,0,0,0,0,0,0,0,0,0,0,0,0,0,0,0,0,0,0
7000000003172,0,0,0,1,0,0,0,0,0,0,0,0,0,0,0,0,0,0,0,0
7000000003212,0,1,0,1,1,0,0,0,0,0,0,0,0,0,0,0,0,0,0,0
7000000003236,0,0,0,0,0,0,0,0,0,0,0,0,0,0,0,0,0,0,1,1
7000000003485,0,0,0,0,0,0,0,0,0,0,1,0,0,0,0,0,0,0,0,0
7000000003546,0,0,0,1,0,0,0,0,0,0,0,0,0,0,0,0,0,0,0,0
7000000003628,0,0,0,0,0,0,0,0,0,0,0,0,1,0,0,0,0,0,0,0
7000000003629,0,0,0,1,0,0,0,0,0,0,0,0,0,0,0,0,0,0,0,0
7000000003800,0,1,0,0,0,0,0,0,0,0,0,0,0,0,0,0,0,0,0,0
7000000003938,0,1,0,0,0,0,0,0,0,0,0,0,0,0,0,0,1,0,0,0
7000000003986,0,0,0,0,0,0,0,0,0,0,0,0,0,0,0,0,0,0,1,1
7000000004015,0,0,1,0,0,0,0,1,0,0,0,0,0,0,0,0,0,0,0,0
7000000004022,0,0,0,0,0,1,0,0,0,0,0,0,0,0,0,0,0,0,0,0
7000000004044,0,1,0,0,0,0,0,0,0,0,0,0,0,0,0,0,0,0,0,0
7000000004134,0,0,0,1,0,0,0,0,0,0,0,0,0,0,0,0,0,0,0,0
7000000004189,0,0,0,0,0,1,0,0,0,0,0,0,0,0,0,0,0,0,0,0
7000000004256,0,0,1,0,0,0,0,0,0,0,0,0,0,0,0,0,0,0,0,0
7000000004313,0,0,0,0,0,0,0,0,0,0,0,0,0,0,0,0,0,0,1,1
7000000004429,0,0,0,1,0,0,0,0,0,0,0,0,0,0,0,0,0,0,0,0
7000000004433,0,0,0,0,0,1,0,1,0,0,0,1,0,0,0,0,0,0,0,0
7000000004564,0,0,0,0,0,1,0,0,0,0,0,0,0,0,0,0,0,0,0,0
7000000004651,0,0,0,1,0,0,0,0,0,0,0,0,0,0,0,0,0,0,0,0
7000000004683,0,1,0,0,0,0,0,0,0,0,0,0,0,0,0,0,0,0,0,0
7000000004804,0,0,0,1,0,0,0,0,0,0,0,0,0,0,0,0,0,0,0,0
7000000004909,0,0,0,1,0,0,0,0,0,0,0,0,0,0,0,0,0,0,0,0
7000000004959,0,0,0,0,0,1,0,1,0,0,0,0,0,0,0,0,0,0,0,0
7000000004986,0,0,0,0,0,1,0,1,0,0,0,0,0,0,0,0,0,0,0,0
7000000005075,0,0,0,1,0,0,0,0,0,0,0,0,0,0,0,0,0,0,0,0
7000000005104,0,0,0,0,0,1,0,1,0,0,0,0,0,0,0,1,0,0,0,0
7000000005254,0,0,1,0,0,1,0,0,0,0,0,0,0,0,0,0,0,0,0,0
7000000005290,0,0,0,1,0,0,0,0,0,0,0,0,0,0,0,0,0,0,0,0
7000000005338,0,0,0,1,0,0,0,0,0,0,1,0,0,0,0,1,0,0,0,0
7000000005391,0,0,0,1,0,0,0,0,0,0,0,0,0,0,0,0,0,0,0,0
7000000005783,0,0,1,1,0,0,0,0,0,0,0,0,0,0,0,0,0,0,0,0
7000000005789,0,0,0,1,0,0,0,0,0,0,0,0,0,0,0,0,0,0,0,0
7000000005875,0,0,0,0,0,1,0,1,0,0,0,1,0,0,0,0,0,0,0,0
7000000005907,0,0,0,0,0,0,0,0,0,0,0,0,0,0,0,1,0,0,1,0
7000000006002,0,0,0,0,0,1,0,0,0,0,0,0,0,0,0,0,0,0,0,0
7000000006015,0,0,0,1,0,0,0,0,0,0,0,0,0,0,0,0,1,0,0,0
7000000006034,0,0,0,0,0,0,0,0,0,0,0,0,0,0,0,0,1,0,0,0
7000000006082,0,1,0,0,0,0,0,0,0,0,0,0,0,0,0,0,0,0,0,0
7000000006104,0,0,0,1,1,0,0,1,0,0,0,0,0,0,0,0,0,0,0,0
7000000006118,0,0,0,0,0,0,0,0,0,0,1,0,0,0,0,0,0,0,0,0
7100000000077,0,0,0,0,0,1,0,0,0,0,0,0,0,0,0,0,0,0,0,0
7100000000111,0,0,0,1,0,0,0,0,0,0,0,0,0,0,0,0,0,0,0,0
7100000000178,0,0,0,0,0,0,0,0,0,0,0,0,0,0,0,1,0,0,1,0
7100000000179,0,0,0,1,0,0,0,0,0,0,0,0,0,0,0,0,0,0,0,0
7100000000200,0,0,0,1,0,1,0,0,0,0,0,0,0,0,0,0,0,0,0,0
7100000000353,0,0,1,0,0,0,0,0,0,0,0,0,0,0,0,0,0,0,0,0
7100000000364,0,0,0,0,0,1,0,0,0,0,0,0,0,0,0,0,0,0,0,0
7100000000374,0,0,1,1,0,0,0,0,0,0,0,0,0,0,0,0,0,0,0,0
7100000000382,0,0,1,0,0,0,0,0,0,0,1,0,0,0,0,0,0,0,0,0
7100000000426,0,0,0,1,0,1,0,0,0,0,0,0,0,0,0,0,0,0,0,0
7100000000444,0,0,0,1,0,0,0,0,0,0,0,0,0,0,0,0,0,0,0,0
7100000000464,0,0,0,0,0,0,0,0,1,1,0,0,0,0,0,0,0,1,0,0
7100000000499,0,0,1,0,0,0,0,0,0,0,0,0,0,0,0,0,0,0,0,0
7100000000534,0,0,0,0,0,0,0,0,0,0,1,0,0,0,0,0,0,0,0,0
7100000000544,0,0,0,1,0,0,0,0,0,0,0,0,0,0,0,0,0,0,0,0
7100000000634,0,0,0,1,0,0,0,0,0,0,0,0,0,0,0,0,0,0,0,0
7100000000647,0,0,0,0,0,1,0,1,0,0,0,0,0,0,0,0,0,0,0,0
7100000000656,0,0,0,1,0,0,0,0,0,0,0,0,0,0,0,0,0,0,0,0
7100000000672,0,1,0,0,0,0,0,0,0,0,0,0,0,0,0,0,0,0,0,0
7100000000700,0,0,0,0,0,0,0,0,0,0,0,0,1,0,0,0,0,0,0,0
7100000000714,0,0,0,0,0,0,0,0,0,0,1,0,0,0,0,0,0,0,0,0
7100000000801,0,0,0,0,0,0,1,0,0,1,1,0,0,0,0,0,0,1,0,0
7100000000816,0,0,0,0,0,1,0,0,0,0,0,0,0,0,0,0,0,0,0,0
7100000000819,0,0,0,1,0,0,0,0,0,0,0,0,0,0,0,0,0,0,0,0
7100000000883,0,0,0,0,0,1,0,1,0,0,0,0,0,0,0,0,0,0,0,0
7100000000963,0,0,0,1,0,0,0,0,0,0,0,0,0,0,0,0,0,0,0,0
7100000000994,0,0,0,1,0,0,0,0,0,0,0,0,0,0,0,1,0,0,0,0
7100000001012,0,0,0,1,0,0,0,0,0,0,0,0,0,0,0,0,0,0,0,0
7100000001029,0,0,0,0,0,0,0,0,0,0,0,0,0,0,0,0,0,0,1,1
7100000001035,0,0,0,1,0,0,0,0,0,0,0,0,0,0,0,0,0,0,0,0
7100000001125,0,0,0,0,0,1,0,1,0,0,0,0,0,0,0,0,0,0,0,0
7100000001154,0,0,0,1,0,1,0,1,0,0,0,0,0,0,0,0,0,0,0,0
7100000001202,0,0,0,0,0,0,0,1,0,0,0,0,0,0,0,0,0,0,0,0
7100000001211,0,0,0,0,0,0,0,0,1,0,0,0,0,0,0,0,0,0,0,0
7100000001265,0,0,0,0,0,0,0,1,0,0,0,0,0,0,0,0,0,0,0,0
7100000001295,0,0,0,1,0,0,0,0,0,0,0,0,0,0,0,0,0,0,0,0
7100000001304,0,0,0,1,0,0,0,0,0,0,0,0,0,0,0,0,0,0,0,0
7100000001311,0,0,0,0,0,0,0,0,0,0,0,0,1,0,0,0,0,0,0,0
7100000001326,0,0,0,0,0,0,1,0,0,0,0,0,0,0,0,0,0,0,0,0
7100000001606,0,0,0,0,0,0,0,0,0,1,0,0,0,0,0,0,1,0,0,0
7100000001611,0,0,1,1,0,0,0,0,0,0,0,0,0,0,0,0,0,0,0,0
7100000001617,0,0,0,0,0,0,1,0,0,1,0,0,0,0,0,0,0,0,0,0
7100000001622,0,0,0,1,0,0,0,0,0,0,0,0,0,0,0,0,0,0,0,0
7100000001677,0,0,0,0,1,0,0,0,0,0,0,0,0,0,0,0,0,0,0,0
7100000001739,0,0,0,0,0,0,0,0,0,0,0,0,0,0,0,0,0,0,1,1
7100000001795,0,0,0,0,0,0,1,0,0,0,1,0,0,0,0,0,0,0,0,0
7100000001847,1,0,0,0,0,0,0,0,0,0,0,0,0,0,0,0,0,0,0,0
7100000001915,0,0,0,0,0,0,0,0,0,0,0,0,0,0,0,0,0,0,1,1
7100000001960,0,0,0,0,0,0,0,0,0,0,1,0,0,0,0,0,0,0,0,0
7100000001987,0,0,0,1,0,0,0,0,0,0,0,0,0,0,0,0,0,0,0,0
7100000002076,0,0,0,0,0,0,1,0,0,0,0,0,0,0,0,1,0,0,0,0
7100000002103,0,0,0,0,0,0,0,0,0,0,0,0,0,0,0,0,0,0,1,1
7100000002178,1,0,0,0,0,0,0,0,0,0,0,0,0,0,0,1,0,0,0,0
7100000002468,0,0,0,1,0,0,0,0,0,0,0,0,0,0,0,0,0,0,0,0
7100000002540,0,0,0,0,0,0,0,0,0,0,0,0,0,0,0,0,1,0,0,0
7100000002555,0,0,0,1,0,0,0,0,0,0,0,0,0,0,0,0,0,0,0,0
7100000002565,0,0,1,0,0,0,0,0,0,0,0,0,0,0,0,0,0,0,0,0
7100000002640,0,0,0,0,0,1,0,0,0,0,0,0,0,0,0,0,0,0,0,0
7100000002649,0,0,0,0,0,0,0,0,0,0,0,0,0,0,0,0,1,0,0,0
7100000002659,0,0,0,0,0,0,0,1,0,1,0,0,0,0,0,0,0,0,0,0
7100000002671,0,0,0,1,0,0,0,0,0,0,0,0,0,0,0,0,0,0,0,0
7100000002675,0,0,0,1,0,0,0,0,0,0,0,0,0,0,0,0,0,0,0,0
7100000002688,0,0,0,0,1,1,0,0,0,0,0,0,0,0,0,0,0,0,0,0
7100000002710,0,0,0,0,0,0,0,0,0,0,0,0,0,0,0,0,0,0,1,1
7100000002777,0,0,0,0,0,0,1,0,0,0,0,0,1,0,0,1,0,1,0,0
7100000002900,0,0,0,1,0,0,0,0,0,0,0,0,0,0,0,0,0,0,0,0
7100000002902,0,0,0,0,0,0,0,0,0,0,0,0,0,0,0,0,0,0,1,1
7100000002940,0,0,0,1,0,0,0,0,0,0,0,0,0,0,0,0,0,0,0,0
7100000002990,0,0,0,0,0,0,0,0,1,0,0,0,0,0,0,0,0,0,0,0
7100000003042,0,1,0,0,0,0,0,0,0,0,0,0,0,0,0,0,0,0,0,0
7100000003079,0,0,0,1,0,0,0,0,0,0,0,0,0,0,0,0,0,0,0,0
7100000003095,0,0,1,0,0,0,0,0,0,0,0,0,0,0,0,0,0,0,0,0
7100000003361,0,0,0,0,0,0,0,0,0,0,1,0,0,0,0,0,0,0,0,0
7100000003372,1,0,0,0,0,0,0,0,0,0,0,0,0,0,0,1,0,0,0,0
7100000003454,0,0,0,0,0,1,0,0,0,0,0,0,0,0,0,0,0,0,0,0
7100000003456,0,0,1,0,0,0,0,0,0,0,1,0,0,0,0,0,0,0,0,0
7100000003509,0,1,0,0,1,0,0,0,0,0,0,0,0,0,0,0,0,0,0,0
7100000003572,0,0,0,1,0,0,0,1,0,0,0,0,0,0,0,0,0,0,0,0
7100000003739,0,0,0,0,0,1,0,1,0,0,0,0,0,0,0,0,0,0,0,0
7100000003772,0,0,0,0,0,0,0,0,1,0,0,0,0,0,0,0,0,0,0,0
7100000003775,0,0,0,0,0,0,0,1,0,0,0,0,0,0,0,0,0,0,0,0
7100000003841,0,0,0,1,0,0,0,0,0,0,0,0,0,0,0,0,0,0,0,0
7100000003846,0,0,0,1,0,0,0,0,0,0,0,0,0,0,0,0,0,0,0,0
7100000003852,0,0,0,0,0,0,0,0,0,0,1,0,0,0,0,0,0,0,0,0
7100000003931,0,0,0,0,0,0,0,0,0,0,0,0,0,0,0,0,0,0,1,1
7100000003939,0,0,0,1,0,0,0,0,0,0,0,0,0,0,0,0,0,0,0,0
7100000003949,0,0,0,1,0,0,0,0,0,0,0,0,0,0,0,0,0,0,0,0
7100000004022,0,0,0,0,0,0,1,0,1,0,0,1,0,0,0,0,0,0,0,0
7100000004030,0,0,0,0,0,1,0,0,0,0,0,0,0,0,0,1,0,0,0,0
7100000004049,0,0,0,1,0,0,0,0,0,0,1,0,0,0,0,0,0,0,0,0
7100000004159,0,0,0,0,0,0,0,0,0,0,0,0,0,0,0,0,1,0,0,0
7100000004218,0,0,0,0,0,1,0,0,0,0,0,0,0,0,0,0,0,0,0,0
7100000004245,0,0,0,0,0,0,0,1,0,0,0,0,0,0,0,0,0,0,0,0
7100000004333,0,0,0,0,0,0,0,0,0,0,0,0,0,0,0,0,1,0,0,0
7100000004428,0,0,0,1,0,0,0,0,0,0,0,0,0,0,0,0,1,0,0,0
7100000004437,0,0,0,0,0,0,0,0,0,0,0,0,0,0,0,0,0,0,1,1
7100000004466,0,0,0,1,0,0,0,0,0,0,0,0,0,0,0,0,0,0,0,0
7100000004498,0,0,0,1,0,0,0,0,0,0,0,0,0,0,0,0,0,0,0,0
7100000004507,0,0,0,1,0,0,0,0,0,0,0,0,0,0,0,0,0,0,0,0
7100000004530,0,0,0,0,0,0,0,0,0,0,0,0,0,0,0,0,0,0,1,1
7100000004579,0,0,0,0,0,1,0,0,0,0,0,0,0,0,0,1,0,0,0,0
7100000004641,0,0,0,1,0,0,0,0,0,0,0,0,0,0,0,1,0,0,0,0
7100000004675,0,0,1,0,0,0,0,0,0,0,0,0,0,0,0,1,0,0,0,0
7100000004767,0,1,0,0,0,1,0,0,0,0,0,0,0,0,0,0,0,0,0,0
7100000004778,0,0,0,0,0,0,0,0,1,0,0,0,0,0,0,0,0,0,0,0
7100000004855,0,1,0,0,0,0,0,0,0,0,0,0,0,0,0,0,0,0,0,0
7100000004943,0,0,0,0,0,0,0,0,0,0,0,0,0,0,0,0,1,0,0,0
7100000005088,0,0,0,0,0,1,0,1,0,0,0,0,0,0,0,0,0,0,0,0
7100000005102,0,0,0,0,0,0,1,0,0,0,0,0,0,0,0,0,0,0,0,0
7100000005314,0,0,0,1,0,0,0,0,0,0,0,0,0,0,0,1,0,0,0,0
7100000005383,0,0,1,0,0,0,0,0,0,0,0,0,0,0,0,0,0,0,0,0
7100000005455,0,0,0,1,0,0,0,0,0,0,0,0,0,0,0,0,0,0,0,0
7100000005480,0,0,0,1,0,0,0,0,0,0,0,0,0,0,0,0,0,0,0,0
7100000005995,0,0,0,0,1,0,0,0,0,0,0,0,0,0,0,1,0,0,0,0
7100000006026,0,0,0,1,0,0,0,0,0,0,0,0,0,0,0,0,0,0,0,0
7100000006061,0,1,0,0,0,0,0,0,0,0,0,0,0,0,0,0,0,0,0,0
7100000006066,0,0,0,1,0,0,0,0,0,0,0,0,0,0,0,0,0,0,0,0
7100000006151,0,0,1,0,0,0,0,0,0,0,0,0,0,0,0,0,0,0,0,0
7100000006332,0,0,0,1,0,0,0,0,0,0,0,0,0,0,0,0,0,0,0,0
7100000006357,0,0,0,1,0,0,0,0,0,0,0,0,0,0,0,0,0,0,0,0
7100000006441,0,1,0,0,0,0,0,0,0,0,0,0,0,0,0,0,0,0,0,0
7100000006560,0,0,0,1,0,0,0,0,0,0,0,0,0,0,0,0,0,0,0,0
7100000006562,0,0,1,0,0,0,0,0,0,0,0,0,0,0,0,0,0,0,0,0
7100000006739,0,0,0,0,0,0,0,0,0,0,0,0,0,1,0,0,0,0,0,0
7100000006882,0,0,0,0,0,0,0,0,0,0,0,0,0,0,0,0,0,0,1,1
7100000007186,0,0,0,0,0,1,0,0,1,0,0,0,0,0,0,0,0,0,0,0
7100000007292,0,0,0,1,0,0,0,0,0,0,0,0,0,0,0,0,0,0,0,0
7100000007845,0,0,1,1,0,0,0,0,0,0,0,0,0,0,0,0,0,0,0,0
7100000007853,0,0,0,0,0,0,0,0,0,0,0,0,0,1,0,1,0,0,0,0
7100000008002,0,0,0,0,0,0,1,0,0,0,0,1,0,0,0,0,0,0,0,0
7100000008016,0,0,0,1,0,0,0,0,0,0,0,0,0,0,0,0,0,0,0,0
7100000008185,0,0,0,0,0,1,0,0,0,0,0,0,0,0,0,0,1,0,0,0
7100000008312,0,0,0,1,0,0,0,0,0,0,0,0,0,0,0,0,0,0,0,0
7100000008382,0,0,0,0,0,1,0,0,0,0,0,0,0,0,0,1,0,0,0,0
7100000008472,0,1,0,0,0,0,0,0,0,0,0,0,0,0,0,0,0,0,0,0
7100000008602,0,0,0,1,0,0,0,0,0,0,0,0,0,0,0,0,0,0,0,0
7100000008614,0,1,0,0,0,0,0,0,0,0,0,0,0,0,0,0,0,0,0,0
7100000008642,0,0,1,1,0,0,0,0,0,0,0,0,0,0,0,0,0,0,0,0
7100000008652,0,0,1,0,1,0,0,0,0,1,0,0,0,0,0,0,0,0,0,0
7100000008658,0,1,0,0,0,0,0,0,0,0,0,1,0,0,0,0,0,0,0,0
7100000008695,0,0,0,0,0,1,0,0,0,0,0,0,0,0,0,0,0,0,0,0
7100000008787,0,0,0,1,0,0,0,0,0,0,0,0,0,0,0,0,0,0,0,0
7100000008816,0,0,1,0,0,0,0,1,0,0,0,0,0,0,0,0,0,0,0,0
7100000008854,0,0,0,1,0,0,0,0,0,0,0,0,0,0,0,0,0,0,0,0
7100000008952,0,0,0,1,0,0,0,0,0,0,0,0,0,0,0,0,0,0,0,0
7100000009014,0,0,0,1,0,0,0,0,0,0,0,0,0,0,0,0,0,0,0,0
7100000009114,0,0,0,0,0,0,0,0,0,0,0,0,0,0,0,0,0,0,1,1
7100000009351,0,0,0,1,1,1,0,0,0,0,0,0,0,0,0,0,0,0,0,0
7100000009415,0,0,0,0,0,0,0,0,0,0,1,0,0,0,0,0,0,0,0,0
7100000009751,0,0,0,1,0,0,0,0,0,0,0,0,0,0,0,0,0,0,0,0
7100000009752,0,0,0,0,0,0,0,0,0,0,0,0,0,0,0,0,0,0,1,1
7100000009944,0,0,0,0,0,0,0,0,0,0,0,0,0,0,0,0,0,0,1,1
7100000009996,0,0,0,0,0,1,0,0,0,0,0,0,0,0,0,1,0,0,0,0
7100000010125,0,0,0,0,0,0,0,0,1,0,0,1,0,0,0,1,0,0,0,0
7100000010174,0,0,0,0,0,0,1,0,0,0,1,0,0,0,0,0,0,0,0,0
7100000010307,1,0,0,0,0,0,0,0,0,0,0,0,0,0,0,0,0,0,0,0
7100000010341,0,0,0,0,0,0,0,0,0,0,0,0,0,0,0,1,0,0,1,0
7100000010428,0,0,0,0,1,1,0,0,0,0,0,0,0,0,0,0,0,0,0,0
7100000010476,0,0,1,1,0,0,0,0,0,0,0,0,0,0,0,0,0,0,0,0
7100000010529,0,0,0,0,0,0,0,0,1,0,0,0,0,0,0,1,0,0,0,0
7100000010648,0,0,0,0,0,0,0,0,1,0,0,1,0,0,0,0,0,0,0,0
7100000010712,0,0,0,1,0,0,0,0,0,0,0,0,0,0,0,0,0,0,0,0
7100000010726,0,0,0,0,0,0,1,0,0,0,0,0,0,0,0,0,1,0,0,0
7100000010763,0,0,1,0,0,0,0,0,0,0,0,0,0,0,0,0,0,0,0,0
7100000010995,0,0,0,1,0,0,0,1,0,0,0,0,0,0,0,1,0,0,0,0
7100000011174,0,0,0,0,0,1,0,0,0,0,0,0,0,0,0,0,0,0,0,0
7100000011240,0,0,0,0,0,1,0,0,0,0,0,0,0,0,0,0,0,0,0,0
7100000011528,0,0,0,0,0,0,1,0,0,0,0,0,0,0,0,0,0,0,0,0
7100000011542,0,0,0,1,0,0,0,0,0,0,0,0,0,0,0,0,0,0,0,0
7100000011767,0,0,0,0,0,0,0,0,0,0,0,0,0,0,0,0,0,0,1,1
7100000011818,0,0,0,1,0,0,0,0,0,0,0,0,0,0,0,0,0,0,0,0
7100000011894,0,0,0,0,1,0,0,0,0,0,0,0,0,0,0,0,0,0,0,0
7100000011947,0,0,0,1,0,0,0,0,0,0,0,0,0,0,0,0,0,0,0,0
7100000012055,0,0,0,0,0,1,0,0,0,0,0,0,0,0,0,0,0,0,0,0
7100000012287,0,1,0,0,0,0,0,0,0,0,0,0,0,0,0,0,0,0,0,0
7100000012342,0,0,0,0,0,0,0,0,0,0,1,0,0,0,0,0,1,0,0,0
7100000012492,0,0,0,1,0,0,0,0,0,0,0,0,0,0,0,0,0,0,0,0
7100000012579,0,0,0,1,0,0,0,0,0,0,1,0,0,0,0,0,0,0,0,0
7100000012635,0,0,0,1,0,0,0,0,0,0,0,0,0,0,0,0,0,0,0,0
7100000012656,0,0,0,0,0,1,0,0,0,0,0,0,0,0,0,0,0,0,0,0
7100000012658,0,0,0,0,0,0,0,0,0,0,0,0,0,0,0,0,1,0,0,0
7100000012820,0,0,0,0,0,0,1,0,1,0,0,0,0,0,0,0,0,0,0,0
7100000012870,0,0,0,0,0,1,0,0,0,0,0,0,0,0,0,0,0,0,0,0
7100000012932,0,0,0,1,0,0,0,0,0,0,0,0,0,0,0,0,0,0,0,0
7100000012955,0,0,0,0,0,0,0,0,0,0,0,0,1,0,0,0,0,0,1,0
7100000012974,0,0,0,1,0,0,0,0,0,0,0,0,0,0,0,0,0,0,0,0
7100000012988,0,0,1,0,0,0,0,0,1,0,0,0,0,0,0,0,0,0,0,0
7100000013009,0,1,0,0,0,1,0,1,0,0,0,0,0,0,0,0,0,0,0,0
7100000013140,0,0,0,0,0,1,0,0,0,0,0,0,0,0,0,0,0,0,0,0
7100000013168,0,0,0,0,0,0,0,0,1,0,0,0,1,0,0,0,0,0,0,0
7100000013224,0,1,0,0,0,0,0,0,0,0,0,0,0,0,0,0,0,0,0,0
7100000013274,0,0,0,1,0,0,0,0,0,0,0,0,0,1,0,0,0,0,0,0
7100000013369,0,0,0,0,0,0,0,0,0,0,0,1,0,0,0,0,0,0,0,0
7100000013388,0,0,0,1,0,0,0,0,0,0,0,0,0,0,0,0,0,0,0,0
7100000013401,0,0,0,1,0,0,0,0,0,0,0,0,0,0,0,0,0,0,0,0
7100000013546,0,0,0,1,0,1,0,0,0,0,0,0,0,0,0,0,0,0,0,0
7100000013580,0,0,0,0,0,1,0,0,0,0,0,1,0,1,0,0,0,0,0,0
7100000013839,0,0,0,0,0,1,0,0,0,0,0,0,0,1,0,0,0,0,0,0
7100000014242,0,1,0,0,0,0,0,0,0,0,0,0,0,0,0,1,0,0,0,0
7100000014286,0,0,0,0,0,1,0,0,0,0,0,0,0,0,0,0,0,0,0,0
7100000014306,0,0,0,1,0,0,0,0,0,0,0,0,0,0,0,0,0,0,0,0
7100000014847,0,0,0,0,0,1,0,1,0,0,0,0,0,0,0,0,0,0,0,0
7100000015006,0,1,0,0,0,0,0,0,0,0,0,0,0,0,0,0,0,0,0,0
7100000015121,0,1,0,0,0,0,0,0,0,0,0,0,0,0,0,0,0,0,0,0
7200000000337,0,0,0,1,0,0,0,0,0,0,0,0,0,0,0,0,0,0,0,0
7200000000424,0,0,0,0,0,0,0,0,1,0,0,1,0,0,0,0,0,0,0,0
7200000000478,0,1,0,0,0,0,0,0,0,0,0,0,0,0,0,0,0,0,0,0
7200000000511,0,0,0,1,0,0,0,0,0,0,0,0,0,0,0,0,0,0,0,0
7200000000515,0,0,0,1,0,0,0,0,0,0,0,0,0,0,0,0,0,0,0,0
7200000000552,0,0,0,0,0,1,0,1,0,0,0,0,0,0,0,0,0,0,0,0
7200000000642,0,0,0,0,0,0,0,1,0,0,0,0,0,0,0,0,0,0,0,0
7200000000848,0,0,0,0,0,0,0,0,0,0,0,1,0,0,0,0,0,0,0,0
7200000001266,0,1,0,0,0,0,0,0,0,0,0,0,0,0,0,0,0,0,0,0
7200000001362,0,0,0,0,0,1,0,1,0,0,0,0,0,0,0,0,0,0,0,0
7200000001393,0,0,1,1,0,0,0,0,0,0,0,0,0,0,0,0,0,0,0,0
7200000001430,1,0,0,0,0,0,0,0,0,0,0,0,0,0,0,0,0,0,0,0
7200000001639,0,0,0,0,0,1,0,1,0,0,0,0,0,0,0,0,0,0,0,0
7200000001853,0,0,0,0,0,0,0,0,1,0,0,0,0,0,0,0,0,0,0,0
7200000002000,0,0,0,1,0,0,0,0,0,0,0,0,0,0,0,0,0,0,0,0
7200000002209,0,0,0,0,0,1,0,1,0,0,0,0,0,0,0,0,0,0,0,0
7200000002225,0,0,1,0,0,0,0,0,0,0,0,0,0,0,0,0,0,0,0,0
7200000002256,0,0,0,1,0,0,0,0,1,0,0,0,0,0,0,0,0,0,0,0
7200000003021,0,0,0,1,1,0,0,1,0,0,0,0,0,0,0,0,0,0,0,0
7200000003101,0,0,0,0,0,1,0,0,0,0,0,0,0,0,0,0,0,0,0,0
7200000003232,0,0,1,0,0,0,0,0,0,0,0,0,0,0,0,0,0,0,0,0
7200000003257,0,0,0,1,0,1,0,1,0,0,0,0,0,0,0,0,0,0,0,0
7200000003361,0,0,0,1,0,0,0,1,0,0,0,0,0,0,0,0,0,0,0,0
7200000003477,0,0,0,1,0,0,0,0,0,0,0,0,0,0,0,0,0,0,0,0
7200000003557,0,0,0,1,0,0,0,0,0,0,0,0,0,0,0,0,0,0,0,0
7200000003734,0,1,0,0,0,0,0,0,0,0,0,0,0,0,0,0,0,0,0,0
7200000003799,1,0,0,0,0,0,0,0,0,0,0,0,0,0,0,0,0,0,0,0
7200000003966,0,1,0,0,0,0,0,0,0,0,0,0,0,0,0,0,1,0,0,0
7200000003967,0,0,0,0,0,0,0,0,0,0,0,0,0,0,0,0,0,0,1,1
7200000004132,0,0,0,0,0,0,0,0,0,0,0,0,0,0,0,0,0,0,1,1
7200000004432,0,0,0,1,0,0,0,0,0,0,0,0,0,0,0,0,0,0,0,0
7200000004477,0,0,0,0,0,1,0,0,0,0,1,0,0,0,0,0,0,0,0,0
7200000004636,0,0,0,0,0,1,0,0,0,0,0,0,0,0,0,0,0,0,0,0
7200000004701,0,0,0,0,0,0,0,0,0,0,0,1,0,0,0,0,0,0,0,0
7200000004805,0,0,0,0,0,0,0,0,0,0,0,0,0,0,0,1,0,0,1,0
7200000004964,0,0,0,0,0,0,0,0,1,1,0,0,0,0,0,0,0,0,0,0
7200000004998,0,0,0,1,0,0,0,0,0,0,0,0,0,0,0,0,0,0,0,0
7200000005224,0,0,0,0,0,0,0,1,0,0,0,0,0,0,0,0,0,0,0,0
7200000005401,0,0,1,0,0,0,0,0,0,0,0,0,0,0,0,0,0,0,0,0
7200000005431,1,0,0,0,0,0,0,0,0,0,0,0,0,0,0,0,0,0,0,0
7200000005518,0,0,0,0,0,0,0,0,0,1,0,1,0,0,0,0,0,1,0,0
7200000005576,0,0,0,0,0,0,0,0,1,0,0,1,0,0,0,0,0,0,0,0
7200000005636,1,0,0,0,0,0,0,0,0,0,0,0,0,0,0,0,0,0,0,0
7200000005681,0,0,0,0,0,0,0,0,0,0,0,0,0,0,0,0,1,0,0,0
7200000005862,0,0,0,1,0,0,0,0,0,0,0,0,0,0,0,0,0,0,0,0
7200000005866,0,1,0,0,0,0,0,0,0,0,0,0,0,0,0,1,0,0,0,0
7200000005948,0,0,0,0,1,0,0,0,0,0,0,0,0,0,0,0,0,0,0,0
7200000006095,0,0,0,0,0,0,0,0,0,0,1,1,0,0,0,0,0,0,0,0
7200000006206,0,0,0,0,0,0,0,0,0,0,0,1,0,0,0,0,0,0,0,0
7200000006239,0,0,0,0,0,0,0,0,0,0,1,0,0,0,0,1,0,0,0,0
7200000006241,0,0,0,1,0,1,0,0,0,0,0,0,0,0,0,0,0,0,0,0
7200000006309,0,0,0,0,0,0,0,0,0,0,0,0,0,0,0,0,0,0,1,1
7200000006521,0,0,0,0,0,0,0,0,0,1,0,0,0,0,0,0,0,0,0,0
7200000006533,0,0,0,0,0,1,0,0,0,0,0,0,0,0,0,1,0,0,0,0
7200000006544,0,0,0,0,0,1,0,0,0,0,0,0,0,0,0,0,0,0,0,0
7200000006582,0,0,0,1,0,0,0,0,0,0,0,0,0,0,0,0,0,0,0,0
7200000006702,0,0,0,1,0,0,0,0,0,0,0,0,0,0,0,0,0,0,0,0
7200000006708,0,0,0,1,0,0,0,0,0,0,0,0,0,0,0,0,1,0,0,0
7200000006742,0,1,0,0,0,0,0,0,0,0,0,0,0,0,0,0,0,0,0,0
7200000006750,0,1,0,0,0,0,0,0,0,0,0,0,0,0,0,0,0,0,0,0
7200000006854,0,0,0,1,0,1,0,0,0,0,0,0,0,0,0,0,0,0,0,0
7200000006860,0,0,0,0,0,0,0,0,0,0,0,0,0,0,0,0,0,0,1,1
7200000006944,0,0,0,1,0,0,0,0,0,0,0,0,0,0,0,0,0,0,0,0
7200000007004,0,1,0,0,0,0,0,0,0,0,0,0,0,0,0,0,0,0,0,0
7200000007058,0,0,0,1,0,0,0,0,0,0,1,0,0,0,0,0,0,0,0,0
7200000007153,0,1,0,0,0,0,0,0,0,0,0,0,0,0,0,0,0,0,0,0
7200000007327,0,0,1,0,0,0,0,0,0,0,0,0,0,0,0,0,0,0,0,0
7200000007368,0,0,0,0,0,0,0,0,0,0,0,0,0,0,0,0,0,0,1,1
7200000007407,0,0,0,0,0,0,0,0,0,0,0,1,0,0,0,0,0,0,0,0
7200000007512,0,0,1,0,0,0,0,0,0,0,0,0,0,0,0,0,0,0,0,0
7200000007522,0,0,0,0,0,0,0,0,0,0,1,0,0,0,0,0,0,0,0,0
7200000007555,0,0,1,0,0,0,0,0,0,0,0,0,0,0,0,0,0,0,0,0
7200000007592,0,0,0,1,0,0,0,0,0,0,0,0,0,0,0,0,0,0,0,0
7200000007621,0,0,1,1,1,0,0,0,0,0,0,0,0,0,0,0,0,0,0,0
7200000007868,1,0,0,0,0,0,0,0,0,0,0,0,0,0,0,0,0,0,0,0
7200000007924,0,0,0,1,0,0,0,0,0,0,0,0,0,0,0,0,0,0,0,0
7200000008038,0,0,0,0,0,1,0,1,0,0,0,0,0,0,0,0,0,0,0,0
7200000008043,0,0,0,0,0,0,0,1,0,0,0,0,0,0,0,0,0,0,0,0
7200000008079,0,0,0,1,0,0,0,0,0,0,0,0,0,0,0,0,0,0,0,0
7200000008132,0,0,0,0,0,1,0,1,0,0,0,0,0,0,0,0,0,0,0,0
7200000008252,0,0,0,0,0,1,0,0,0,0,0,0,0,0,0,0,0,0,0,0
7200000008261,0,0,1,0,0,0,0,0,0,0,0,0,0,0,0,0,0,0,0,0
7200000008307,0,1,0,0,0,0,0,0,0,0,0,0,0,0,0,0,0,0,0,0
7200000008431,0,0,0,1,0,0,0,0,0,0,0,0,0,0,0,0,0,0,0,0
7200000008479,0,0,0,1,0,0,0,0,0,0,0,0,0,0,0,0,0,0,0,0
7200000008598,0,0,0,0,0,0,0,0,0,0,0,1,0,0,0,0,0,0,0,0
7200000008661,0,1,0,0,0,0,0,0,0,0,0,0,0,0,0,0,0,0,0,0
7200000008737,0,1,0,0,0,0,0,0,0,0,0,0,0,0,0,0,0,0,0,0
7200000008774,0,0,0,0,0,1,0,0,0,0,0,0,0,0,0,0,0,0,0,0
7200000008799,0,0,1,0,0,0,0,0,0,0,0,0,0,0,0,0,0,0,0,0
7200000008842,0,0,0,0,0,0,0,1,0,0,0,0,0,0,0,0,0,0,0,0
7200000008912,0,0,0,1,0,0,0,0,0,0,1,0,0,0,0,0,0,0,0,0
7200000008919,0,0,0,1,0,1,0,1,0,0,0,0,0,0,0,0,0,0,0,0
7200000008999,0,1,0,0,0,0,0,0,0,0,0,1,0,0,0,0,0,0,0,0
7200000009121,0,0,0,0,0,0,0,0,0,0,0,0,0,0,0,0,0,0,1,1
7200000009193,0,0,0,1,0,0,0,0,0,0,0,0,0,0,0,1,0,0,0,0
7200000009246,0,0,0,1,0,0,0,0,0,0,0,0,0,0,0,0,0,0,0,0
7200000009339,0,0,0,0,0,1,0,0,0,0,0,0,0,0,0,0,0,0,0,0
7200000009490,0,0,0,1,0,0,0,0,0,0,0,0,0,0,0,0,0,0,0,0
7200000009540,0,0,0,1,0,0,0,0,0,0,0,0,0,0,0,0,0,0,0,0
7200000009676,0,0,0,1,0,0,0,0,0,0,0,0,0,0,0,0,0,0,0,0
7200000009730,0,0,0,0,0,1,0,0,0,0,0,0,0,0,0,0,0,0,0,0
7200000009758,0,0,1,0,0,0,0,0,0,0,0,0,0,0,0,0,0,0,0,0
7200000009762,0,0,0,0,0,0,1,0,0,0,0,0,0,0,0,0,0,1,0,0
7200000009791,0,0,0,0,0,0,0,0,0,0,0,0,0,0,0,0,0,0,1,1
7200000009827,0,0,0,1,0,1,0,0,0,0,0,0,0,0,0,0,0,0,0,0
7200000009904,0,0,0,0,0,0,0,0,0,0,1,0,0,0,0,0,0,0,0,0
7200000009958,0,1,0,1,0,0,0,0,0,0,0,0,0,0,0,0,0,0,0,0
7200000009967,0,0,0,0,0,0,0,0,1,0,1,0,0,0,0,0,0,0,0,0
7200000010010,0,0,0,0,0,0,0,0,0,0,1,0,0,0,0,1,0,0,0,0
7200000010014,0,0,0,0,0,1,0,1,0,0,0,0,0,0,0,0,0,0,0,0
7200000010068,0,0,0,0,0,1,0,0,0,0,1,0,0,0,0,0,0,0,0,0
7200000010131,0,0,0,1,0,0,0,0,0,0,0,0,0,0,0,0,0,0,0,0
7200000010303,0,0,0,0,1,0,0,0,0,0,0,0,0,0,0,1,0,0,0,0
7200000010430,0,0,0,0,0,0,0,0,1,0,0,0,0,0,0,0,0,0,0,0
7200000010482,0,0,0,0,0,1,0,0,0,0,0,0,0,0,0,0,0,0,0,0
7200000010569,0,0,1,0,0,0,0,0,0,0,0,0,0,0,0,0,0,0,0,0
7200000010652,0,0,0,1,0,0,0,0,0,0,0,0,0,0,0,1,0,0,0,0
7200000010714,0,0,0,1,0,1,0,0,0,0,0,0,0,0,0,0,0,0,0,0
7200000010741,0,0,0,0,0,0,0,0,1,0,0,0,0,0,0,0,0,0,0,0
7200000010750,0,0,0,0,0,0,0,0,0,1,0,0,0,0,0,0,0,0,0,0
7200000010814,0,0,1,0,0,0,0,0,0,0,0,0,0,0,0,0,0,0,0,0
7200000010879,0,0,0,1,0,0,0,0,0,0,0,0,0,0,0,0,0,0,0,0
7200000010976,0,0,1,0,0,0,0,0,0,0,0,0,0,0,0,0,0,0,0,0
7200000011000,0,0,0,0,1,0,0,0,0,0,1,0,0,0,0,0,0,0,0,0
7200000011032,0,0,1,0,0,1,0,1,0,0,0,0,0,0,0,0,0,0,0,0
7200000011136,0,0,0,0,0,0,0,0,0,0,0,0,0,0,0,0,0,0,1,1
7200000011235,0,0,0,1,0,0,0,0,0,0,0,0,0,0,0,0,0,0,0,0
7200000011333,0,0,1,0,0,0,0,0,0,0,0,0,0,0,0,0,0,0,0,0
7200000011453,0,0,0,0,0,1,0,0,0,0,0,0,0,0,0,0,0,0,0,0
7200000011517,0,0,0,1,0,1,0,1,0,0,0,0,0,0,0,0,0,0,0,0
7200000011673,0,0,0,0,0,1,0,0,0,0,0,0,0,0,0,0,0,0,0,0
7300000000120,0,0,0,0,0,1,0,0,0,0,0,0,0,0,0,1,0,0,0,0
7300000000191,0,1,0,0,0,0,0,0,0,0,0,0,0,0,0,0,0,0,0,0
7300000000233,0,0,0,0,0,0,0,0,0,0,0,0,1,0,0,0,0,0,0,0
7300000000480,0,0,0,0,0,0,0,0,0,0,0,1,0,0,0,0,0,0,0,0
7300000000599,0,1,0,1,0,0,0,0,0,0,0,0,0,0,0,0,0,0,0,0
7300000000653,0,0,0,1,0,0,0,0,0,0,0,0,0,0,0,1,0,0,0,0
7300000000690,0,0,0,1,0,0,0,0,0,0,0,0,0,0,0,0,0,0,0,0
7300000000785,0,0,0,0,0,1,0,1,0,0,0,1,0,0,0,1,0,0,0,0
7300000000800,0,0,0,0,0,1,0,0,0,0,0,0,0,0,0,1,0,0,0,0
7300000000821,0,0,0,1,0,0,0,0,0,0,0,0,0,0,0,0,0,0,0,0
7300000000831,0,0,0,0,0,0,0,0,0,0,0,0,0,0,0,0,0,0,1,1
7300000000895,0,0,0,1,0,0,0,0,0,0,0,0,0,0,0,0,0,0,0,0
7300000000989,0,1,0,0,0,0,0,0,0,0,0,0,0,0,0,0,0,0,0,0
7300000001022,0,0,0,1,0,0,0,0,0,0,0,0,0,0,0,0,0,0,0,0
7300000001052,0,0,0,0,0,1,0,0,0,0,0,0,0,0,0,0,0,0,0,0
7300000001060,0,0,0,0,0,0,0,0,1,0,0,0,0,0,0,0,0,0,0,0
7300000001062,0,0,0,0,1,0,0,0,1,0,0,1,0,0,0,0,0,0,0,0
7300000001087,0,0,0,0,0,1,0,1,0,0,1,0,0,0,0,0,0,0,0,0
7300000001110,0,0,0,0,0,0,1,0,0,0,0,0,0,0,0,0,0,1,0,0
7300000001239,0,1,0,0,0,0,0,0,0,0,0,0,0,0,0,0,0,0,0,0
7300000001257,0,0,1,0,0,0,0,0,0,0,0,0,0,0,0,0,0,0,0,0
7300000001269,0,0,0,1,0,0,0,0,0,0,0,0,0,0,0,1,0,0,0,0
7300000001376,0,1,0,0,0,0,0,0,0,0,0,0,0,0,0,0,0,0,0,0
7300000001394,0,1,0,0,0,0,0,0,0,0,0,0,0,0,0,0,0,0,0,0
7300000001712,1,0,0,0,0,0,0,0,0,0,0,0,0,0,0,0,0,0,0,0
7300000001806,0,0,0,0,0,0,0,0,0,0,1,1,0,0,0,0,0,0,0,0
7300000001827,0,0,0,1,0,0,0,0,0,0,0,0,0,0,0,0,0,0,0,0
7300000001937,0,0,0,0,0,0,0,0,0,0,1,0,0,0,0,0,0,0,0,0
7300000002091,0,1,0,0,0,0,0,0,0,0,0,1,0,0,0,0,0,0,0,0
7300000002115,0,1,0,0,0,0,0,0,0,0,0,0,0,0,0,0,0,0,0,0
7300000002131,0,0,0,0,0,1,0,1,0,0,0,0,0,0,0,0,0,0,0,0
7300000002185,0,0,0,0,0,0,0,1,0,0,0,0,0,0,0,0,0,0,0,0
7300000002229,0,0,0,1,0,1,0,0,0,0,0,0,0,0,0,1,0,0,0,0
7300000002231,1,0,0,0,0,0,0,0,0,0,0,0,0,0,0,0,0,0,0,0
7300000002413,0,0,0,0,0,0,0,0,0,0,0,0,0,0,0,0,1,0,0,0
7300000002777,0,0,0,0,0,0,0,0,0,0,1,1,0,0,0,0,1,0,0,0
7300000002781,0,0,0,1,0,1,0,1,0,0,0,0,0,0,0,0,0,0,0,0
7300000002900,0,0,0,0,0,0,0,0,1,0,0,0,0,0,0,0,0,0,0,0
7300000002908,0,0,1,0,0,0,0,1,0,0,0,0,0,0,0,0,0,0,0,0
7300000003069,0,0,0,0,0,0,1,0,0,0,0,0,0,0,0,0,0,0,0,0
7300000003188,0,0,1,0,0,0,0,1,0,0,0,0,0,0,0,0,0,0,0,0
7300000003197,0,0,0,0,0,0,0,1,0,0,0,0,0,0,0,0,0,0,0,0
7300000003240,0,0,0,1,0,0,0,0,0,0,0,0,0,0,0,0,0,0,0,0
7300000003309,0,0,0,0,0,0,0,0,0,1,0,0,0,0,0,0,0,0,0,0
7300000003319,0,0,1,0,0,0,0,0,0,0,0,0,0,0,0,0,0,0,0,0
7300000003375,0,0,0,0,0,0,0,0,0,1,0,0,0,0,0,0,0,0,0,0
7300000003389,0,0,0,0,0,1,0,0,0,0,0,0,0,0,0,0,0,0,0,0
7300000003480,0,0,0,1,0,0,0,0,0,0,0,0,0,0,0,0,0,0,0,0
7300000003547,0,1,0,0,0,0,0,0,0,0,0,0,0,0,0,0,0,0,0,0
7300000003746,0,0,0,0,0,1,0,0,0,0,0,0,0,0,0,0,0,0,0,0
7300000003832,0,0,1,0,0,1,0,0,0,0,0,0,0,0,0,0,0,0,0,0
7300000004009,0,0,0,1,0,0,0,0,0,0,0,0,0,1,0,0,0,0,0,0
7300000004181,0,0,0,1,0,0,0,0,0,0,0,0,0,0,0,0,0,0,0,0
7300000004299,0,1,0,0,0,0,0,0,0,0,1,1,0,0,0,0,0,0,0,0
7300000004312,1,0,0,0,0,0,0,0,0,0,0,0,0,0,0,0,0,0,0,0
7300000004438,0,0,0,0,0,1,0,0,0,0,0,0,0,0,0,0,0,0,0,0
7300000004750,0,0,0,1,0,0,0,0,0,0,0,0,0,0,0,0,0,0,0,0
7300000005021,0,0,0,1,0,0,0,0,0,0,0,0,0,0,0,0,0,0,0,0
7300000005074,0,1,0,1,0,0,0,0,0,0,0,0,0,0,0,0,0,0,0,0
7300000005103,0,0,0,0,0,1,0,0,0,0,0,0,0,1,0,0,0,0,0,0
7300000005484,0,0,0,1,0,0,0,0,0,0,0,0,0,0,0,0,0,0,0,0
7300000005809,0,0,0,0,1,0,0,0,0,0,0,0,0,0,0,1,0,0,0,0
7300000005880,0,1,0,0,0,0,0,0,0,0,0,0,0,0,0,0,0,0,0,0
7300000006140,0,0,0,1,0,1,0,1,0,0,0,0,0,0,0,0,0,0,0,0
7300000006502,1,0,0,0,0,0,0,0,0,0,0,0,0,0,0,0,0,0,0,0
7300000006550,0,1,0,0,0,0,0,0,0,0,0,0,0,0,0,0,0,0,0,0
7300000006596,0,0,0,1,0,0,0,0,0,0,0,0,0,0,0,0,0,0,0,0
7300000006749,0,0,0,0,1,0,0,0,0,0,0,0,0,0,0,0,0,0,0,0
7300000006784,0,0,0,1,0,0,0,0,0,0,0,0,0,0,0,0,0,0,0,0
7300000006865,0,0,0,0,0,0,0,0,1,0,0,0,0,0,0,0,0,0,0,0
7300000007513,0,0,1,0,0,0,0,1,0,0,0,0,0,0,0,0,0,0,0,0
7300000007659,0,0,0,1,0,0,0,0,0,0,0,0,0,0,0,0,0,0,0,0
7300000007696,0,0,0,0,0,0,0,0,0,0,1,0,0,0,0,0,0,0,0,0
7300000007818,0,0,0,0,0,1,0,0,0,0,0,0,0,0,0,0,0,0,0,0
7300000007997,0,1,0,0,0,0,0,0,0,0,0,0,0,0,0,0,0,0,0,0
7300000008038,0,0,0,1,0,1,0,0,0,0,0,0,0,0,0,0,0,0,0,0
7300000008064,0,0,0,0,1,0,1,0,0,0,0,0,0,0,0,0,0,1,0,0
7300000008193,0,0,1,0,0,1,0,1,0,0,0,0,0,0,1,0,0,0,0,0
7300000008294,0,1,0,0,0,0,0,0,0,0,0,0,0,0,0,1,0,0,0,0
7300000008295,0,0,0,1,0,0,1,0,0,0,0,0,0,0,0,0,0,0,0,0
7300000008471,0,0,0,0,0,1,0,0,0,0,0,0,0,0,0,0,0,0,0,0
7300000008537,0,0,1,1,0,0,0,0,0,0,0,0,0,0,0,0,0,0,0,0
7300000008570,0,0,0,0,0,0,0,0,0,0,0,0,0,1,0,1,0,0,0,0
7300000008606,0,0,0,0,0,1,0,0,0,0,0,0,0,0,0,0,0,0,0,0
7300000008678,0,1,0,0,0,0,0,0,0,0,0,0,0,0,0,0,0,0,0,0
7300000008685,0,0,0,0,0,0,1,0,0,0,0,0,0,0,0,0,0,0,0,0
7300000008721,0,0,1,1,0,0,0,0,0,0,0,0,0,0,1,0,0,0,0,0
7300000008729,0,0,1,0,0,0,0,0,0,0,0,0,0,0,0,0,0,0,0,0
7300000008742,0,0,0,0,0,0,0,0,0,0,0,0,0,0,0,0,1,0,0,0
7300000008784,0,0,0,1,0,0,0,1,0,0,0,0,0,0,0,0,0,0,0,0
7300000008800,0,0,0,1,0,0,0,0,0,0,0,0,0,0,0,0,0,0,0,0
7300000008875,0,0,0,0,0,0,0,0,1,0,0,0,0,0,0,1,0,0,0,0
7300000008898,0,0,1,1,0,0,0,0,0,0,0,0,0,0,0,0,0,0,0,0
7300000008925,0,0,0,0,0,1,0,0,0,0,0,0,0,0,0,0,0,0,0,0
7300000008958,0,1,0,0,0,0,0,0,0,0,0,0,0,0,0,1,0,0,0,0
7300000008994,1,0,0,0,0,0,0,0,0,0,0,0,0,0,0,1,0,0,0,0
7300000009030,0,0,1,0,0,0,0,0,0,0,0,0,0,0,0,0,0,0,0,0
7300000009062,0,0,0,0,0,0,0,0,0,0,0,0,0,0,0,0,0,1,0,0
7300000009142,0,1,0,1,0,1,0,0,0,0,0,0,0,0,0,0,0,0,0,0
7300000009156,0,0,1,0,0,0,0,0,0,0,0,0,0,0,0,0,0,0,0,0
7300000009162,0,0,0,0,0,0,0,0,0,0,0,0,0,0,0,0,0,0,1,1
7300000009281,0,0,0,1,0,0,0,0,0,0,0,0,0,0,0,0,0,0,0,0
7300000009358,0,0,0,1,0,0,0,0,0,0,0,0,0,0,0,0,0,0,0,0
7300000009426,0,0,0,0,0,0,0,0,1,0,0,0,1,0,0,0,0,0,0,0
7300000009427,0,0,0,0,0,0,1,0,0,0,0,1,0,0,0,0,0,0,0,0
7300000009429,1,0,0,0,0,0,0,0,0,0,0,0,0,0,0,1,0,0,0,0
7300000009493,0,0,0,0,0,0,0,0,1,1,0,1,0,0,0,0,0,0,0,0
7300000009619,0,0,0,0,0,0,0,0,0,0,1,0,0,0,0,0,0,0,0,0
7300000009693,0,0,0,0,0,1,0,0,0,0,0,0,0,1,0,0,0,0,0,0
7300000009789,0,0,0,1,0,1,0,0,0,0,0,0,0,0,0,0,0,0,0,0
7300000009795,1,0,0,0,0,0,0,0,0,0,0,0,0,0,0,1,0,0,0,0
7300000009865,0,0,0,0,0,1,0,0,0,0,0,0,0,0,0,0,0,0,0,0
7300000009869,0,0,0,0,0,1,0,0,0,0,0,0,0,0,0,0,0,0,0,0
7300000009895,0,0,0,0,0,0,0,0,0,1,0,1,0,0,0,0,0,0,0,0
7300000009978,0,0,0,0,0,0,1,0,1,0,0,0,0,0,0,0,0,0,0,0
7300000009989,0,0,0,0,1,1,0,0,0,0,0,0,0,0,0,1,0,0,0,0
7300000010022,0,0,0,1,0,1,0,0,0,0,0,0,0,0,0,0,0,0,0,0
7300000010031,0,0,0,1,0,0,0,0,0,0,0,0,0,0,0,0,0,0,0,0
7300000010061,0,1,0,1,0,0,0,0,0,0,0,1,0,0,0,0,0,0,0,0
7300000010118,0,0,1,0,0,0,0,0,0,0,0,0,0,0,0,0,0,0,0,0
7300000010159,0,0,0,0,0,0,0,0,0,0,0,0,0,1,0,0,0,0,0,0
7300000010229,0,0,0,0,0,0,0,0,0,1,0,0,0,0,0,0,0,1,0,0
7300000010356,0,0,1,0,0,0,0,1,0,0,0,0,0,0,0,0,0,0,0,0
7300000010432,0,0,1,0,1,0,0,0,0,0,0,0,0,0,0,0,0,0,0,0
7300000010465,0,0,0,0,0,0,0,0,0,0,1,0,0,0,0,0,0,0,0,0
7300000010481,0,1,0,1,0,0,0,0,0,0,1,0,0,0,0,0,0,0,0,0
7300000010681,0,0,0,1,0,0,0,0,0,0,0,0,0,0,0,0,0,0,0,0
7300000010708,0,0,0,0,0,1,0,0,0,0,0,0,0,0,0,0,0,0,0,0
7300000010743,0,0,0,1,0,1,0,1,0,0,0,0,0,0,0,0,0,0,0,0
7300000010785,0,0,0,1,0,1,0,1,0,0,0,0,0,0,0,1,0,0,0,0
7300000010795,0,0,0,1,0,0,0,0,0,0,0,0,0,0,0,1,0,0,0,0
7300000010892,0,0,0,0,0,0,0,0,0,0,1,0,0,0,0,0,0,0,0,0
7300000011103,0,1,0,0,0,0,0,0,0,0,0,0,0,0,0,0,0,0,0,0
7300000011213,0,0,0,0,0,0,1,0,1,0,0,0,0,0,0,0,0,0,0,0
7300000011337,0,1,0,1,0,0,0,1,0,0,0,0,0,0,0,0,0,0,0,0
7300000011432,0,0,0,0,0,0,0,0,0,0,0,0,0,0,0,0,1,0,0,0
7300000011480,0,0,0,0,0,1,0,1,0,0,0,0,0,0,0,0,0,0,0,0
7300000011492,0,0,0,1,0,0,0,0,0,0,0,0,0,0,0,0,0,0,0,0
7300000011580,0,0,0,0,0,1,0,0,0,0,0,0,0,0,0,0,0,0,0,0
7300000011642,0,0,0,0,0,0,0,0,0,0,0,1,0,0,0,0,0,0,0,0
7300000011665,0,0,0,0,1,1,0,0,0,0,1,0,0,0,0,0,0,0,0,0
7300000011768,0,0,0,0,0,0,0,0,0,0,0,1,0,0,0,0,0,0,0,0
7300000011810,0,0,0,0,0,1,0,0,0,0,0,0,0,0,0,0,0,0,0,0
7300000011843,0,0,0,1,0,0,0,0,0,0,0,0,0,0,0,0,0,0,0,0
7300000011955,0,0,0,0,0,1,0,0,0,0,0,0,0,0,0,0,0,0,0,0
7300000011999,0,0,1,0,0,0,0,0,0,0,0,0,0,0,0,0,0,0,0,0
7300000012009,0,0,1,0,0,0,0,0,0,0,0,0,0,0,0,0,0,0,0,0
7300000012015,0,0,0,1,0,1,0,1,0,0,0,1,0,0,0,0,0,0,0,0
7300000012053,0,0,0,1,0,1,0,1,0,0,0,0,0,0,0,0,0,0,0,0
7300000012071,0,0,0,0,0,0,0,0,0,0,0,0,0,0,0,0,1,0,0,0
7300000012096,0,0,0,0,0,1,0,1,0,0,0,0,0,0,0,0,0,0,0,0
8000000000001,0,0,0,0,0,1,0,0,0,0,0,0,0,0,0,0,0,0,0,0
8000000000002,0,0,0,0,0,0,0,0,1,1,0,0,0,0,0,0,0,0,0,0
8000000000006,0,0,0,0,0,0,0,0,0,0,0,0,0,1,0,0,0,0,0,0
8000000000008,0,0,0,0,0,0,0,1,0,0,0,0,0,0,0,0,0,0,0,0
8000000000011,0,0,0,0,0,1,0,0,0,0,0,0,0,0,0,0,0,0,0,0
8000000000013,0,0,0,0,0,0,0,0,0,0,0,1,0,0,0,0,0,0,0,0
8000000000014,0,0,0,0,1,1,0,0,0,0,0,0,0,0,0,0,0,0,0,0
8000000000015,0,0,0,1,0,0,0,0,0,0,0,0,0,0,0,0,0,0,0,0
8000000000017,0,0,0,0,0,0,0,0,0,0,0,0,0,0,0,1,0,0,1,0
8000000000018,0,0,0,0,0,1,0,0,0,0,0,0,0,0,0,0,0,0,0,0
8000000000026,0,0,0,0,0,0,0,0,0,0,0,0,0,0,0,0,0,0,1,1
8000000000028,0,0,0,0,0,1,0,0,0,0,0,0,0,0,0,0,0,0,0,0
8000000000031,0,0,1,0,0,0,0,0,0,0,0,0,0,0,0,0,0,0,0,0
8000000000032,0,0,1,0,0,0,0,0,0,0,0,0,0,0,0,0,0,0,0,0
8000000000034,0,0,0,0,0,1,0,0,0,0,0,0,0,0,0,0,0,0,0,0
8000000000040,0,1,0,0,0,0,0,0,0,0,0,0,0,0,0,0,0,0,0,0
8000000000041,0,0,0,0,0,1,0,0,0,0,0,0,0,0,0,0,0,0,0,0
8000000000045,0,0,1,1,0,0,0,0,0,0,0,0,0,0,0,0,0,0,0,0
8000000000048,0,0,0,1,0,1,0,0,0,0,0,0,0,0,0,1,0,0,0,0
8000000000049,0,0,0,0,0,0,0,0,0,0,0,0,1,0,0,0,0,1,0,0
8000000000053,0,0,0,1,0,1,0,0,0,0,1,0,0,0,0,0,0,0,0,0
8000000000055,0,0,0,1,0,0,0,1,0,0,0,0,0,0,0,0,0,0,0,0
8000000000069,0,1,0,0,0,0,0,0,0,0,0,1,0,0,0,0,0,0,0,0
8000000000086,0,0,1,0,0,0,0,1,0,0,0,0,0,0,0,0,0,0,0,0
8000000000088,0,0,0,1,0,1,0,0,0,0,0,0,0,0,0,0,0,0,0,0
8000000000097,0,0,0,0,0,1,0,0,0,0,0,0,0,0,0,0,0,0,0,0
8000000000098,0,0,0,1,0,0,0,0,0,0,1,0,0,0,0,0,0,0,0,0
8000000000102,0,0,0,1,0,0,0,0,0,0,0,0,0,0,0,0,0,0,0,0
8000000000114,0,0,0,0,0,1,0,0,0,0,0,0,0,0,0,0,0,0,0,0
8000000000115,0,0,0,0,0,1,0,0,0,0,0,0,0,0,0,0,0,0,0,0
8000000000119,0,0,0,0,1,0,0,0,0,0,1,0,0,0,0,0,0,0,0,0
8000000000121,0,0,0,0,0,0,0,0,0,0,0,1,0,0,0,0,0,0,0,0
8000000000122,0,0,0,0,0,0,0,0,0,0,0,0,0,1,0,0,0,0,0,0
8000000000123,0,0,0,0,0,1,0,0,0,0,0,0,0,0,0,0,0,0,0,0
8000000000125,0,0,0,0,0,1,0,0,0,0,0,0,0,0,0,0,0,0,0,0
8000000000128,0,0,0,1,0,0,0,0,0,0,0,0,0,0,0,0,0,0,0,0
8000000000132,0,0,0,1,0,1,0,1,0,0,0,0,0,0,0,0,0,0,0,0
8000000000133,0,0,0,1,0,0,0,0,0,0,0,0,0,0,0,0,0,0,0,0
8000000000138,0,0,1,1,0,0,0,0,0,0,0,0,0,0,0,0,0,0,0,0
8000000000147,0,0,0,1,0,0,0,0,0,0,0,0,0,0,0,0,0,0,0,0
8000000000148,0,0,1,0,0,0,0,0,0,0,0,0,0,0,0,0,0,0,0,0
8000000000153,0,0,0,0,0,1,0,0,0,0,0,0,0,0,0,0,0,0,0,0
8000000000157,0,0,0,1,0,0,0,0,0,0,0,0,0,0,0,0,0,0,0,0
8000000000158,0,0,0,0,0,0,0,0,1,0,0,0,0,0,0,0,0,0,0,0
8000000000165,0,0,1,1,0,0,0,0,0,0,1,0,0,0,0,0,1,0,0,0
8000000000166,0,0,0,0,0,0,0,1,0,0,0,0,0,0,0,0,0,0,0,0
8000000000167,0,0,1,0,0,0,0,0,0,0,0,0,0,0,0,0,0,0,0,0
8000000000170,0,0,0,1,0,0,0,0,0,0,1,0,0,0,0,0,0,0,0,0
8000000000179,0,0,0,0,0,0,0,0,0,0,1,0,0,0,0,0,0,0,0,0
8000000000183,1,0,0,0,0,0,0,0,0,0,0,0,0,0,0,0,0,0,0,0
8000000000184,0,0,0,1,0,0,0,0,0,0,0,0,0,0,0,0,0,0,0,0
8000000000187,0,0,0,0,0,0,0,0,0,0,1,0,0,0,0,0,0,0,0,0
8000000000188,0,0,0,1,0,0,0,0,0,0,0,0,0,0,0,0,0,0,0,0
8000000000194,0,0,1,0,0,0,0,0,0,0,0,0,0,0,0,0,0,0,0,0
8000000000196,0,0,0,0,0,0,0,0,1,0,0,1,0,0,0,0,0,0,0,0
8000000000202,0,0,0,1,0,0,0,0,0,0,1,0,0,0,0,0,0,0,0,0
8000000000204,0,0,1,0,0,0,0,1,0,0,0,0,0,0,0,0,0,0,0,0
8000000000207,0,0,0,1,0,0,0,0,0,0,1,0,0,0,0,0,0,0,0,0
8000000000208,0,0,1,1,0,0,0,0,0,0,0,0,0,0,0,0,0,0,0,0
8000000000211,0,0,0,1,0,0,0,0,0,0,1,0,0,0,0,0,0,0,0,0
8000000000214,0,0,0,1,0,0,0,0,0,0,0,0,0,0,0,0,0,0,0,0
8000000000219,0,0,1,0,0,0,0,0,0,0,0,0,0,0,0,0,0,0,0,0
8000000000223,0,0,1,0,0,0,0,0,0,0,0,0,0,0,0,0,0,0,0,0
8000000000224,0,0,0,0,0,1,0,0,0,0,0,0,0,0,0,0,0,0,0,0
8000000000227,0,0,0,0,1,1,0,0,0,0,0,0,0,0,0,0,0,0,0,0
8000000000232,0,0,0,1,0,1,0,1,0,0,1,0,0,0,0,0,1,0,0,0
8000000000234,0,0,0,0,1,0,0,0,0,0,0,0,0,0,0,0,0,0,0,0
8000000000240,0,0,0,0,1,1,0,0,0,0,0,0,0,0,0,0,0,0,0,0
8000000000244,0,0,0,1,0,0,0,0,0,0,0,1,0,0,0,0,0,0,0,0
8000000000247,0,0,0,0,0,0,0,0,0,0,0,0,0,1,0,0,0,0,0,0
8000000000250,0,0,0,1,0,1,0,1,0,0,0,0,0,0,0,0,0,0,0,0
8000000000252,0,1,0,0,0,0,0,0,0,0,0,0,0,0,0,0,0,0,0,0
8000000000258,0,0,0,0,0,0,0,0,0,1,0,0,0,0,0,0,0,0,0,0
8000000000259,0,0,0,0,0,1,0,1,0,0,0,0,0,0,0,0,0,0,0,0
8000000000268,0,0,0,1,0,0,0,0,0,0,0,0,0,0,0,0,0,0,0,0
8000000000269,0,0,0,0,0,1,0,1,0,0,0,0,0,0,0,0,0,0,0,0
8000000000279,0,0,0,1,0,0,0,0,0,0,0,0,0,0,0,0,0,0,0,0
8000000000280,0,0,1,0,0,0,0,0,0,0,0,0,0,0,0,0,0,0,0,0
8000000000285,0,0,0,0,0,0,0,0,0,0,1,0,0,0,0,0,0,0,0,0
8000000000286,0,0,0,0,0,0,0,0,0,0,1,0,0,0,0,1,0,0,0,0
8000000000289,0,0,0,0,0,0,0,0,0,0,0,1,0,0,0,0,0,0,0,0
8000000000290,0,0,0,1,0,0,0,0,0,0,0,0,0,0,0,0,0,0,0,0
8000000000291,0,0,0,0,0,1,0,0,0,0,0,1,0,0,0,1,0,0,0,0
8000000000297,0,0,0,0,0,1,0,0,0,0,1,0,0,0,0,0,0,0,0,0
8000000000300,0,0,0,0,0,1,0,0,0,0,0,0,0,0,0,0,0,0,0,0
8000000000302,0,0,0,0,0,1,0,0,0,0,0,0,0,0,0,0,0,0,0,0
8000000000315,0,0,0,0,0,0,0,0,1,0,0,0,0,0,0,0,0,0,0,0
8000000000316,0,0,0,0,0,1,0,0,0,0,0,0,0,0,0,0,0,0,0,0
8000000000323,0,0,0,1,0,0,0,0,0,0,0,0,0,0,0,0,0,0,0,0
8000000000328,0,0,0,0,0,1,0,0,0,0,0,0,0,0,0,0,0,0,0,0
8000000000329,0,0,0,1,0,0,0,0,0,0,0,0,0,0,0,0,0,0,0,0
8000000000333,0,0,0,0,0,1,0,0,0,0,0,0,0,0,0,0,0,0,0,0
8000000000336,0,0,0,1,0,0,0,0,0,0,0,0,0,0,0,0,0,0,0,0
8000000000347,0,1,0,0,0,0,0,0,0,0,0,0,0,0,0,0,0,0,0,0
8000000000349,0,0,0,1,0,0,0,0,0,0,0,0,0,0,0,0,0,0,0,0
8000000000351,0,0,0,0,0,0,0,0,1,0,0,1,0,0,0,0,0,0,0,0
8000000000353,0,1,0,0,0,0,0,0,0,0,0,0,0,0,0,0,0,0,0,0
8000000000359,0,0,0,0,0,0,0,0,0,0,0,0,0,0,0,0,0,0,1,1
8000000000360,0,0,0,0,0,0,0,0,1,0,0,0,0,0,0,0,0,0,0,0
8000000000361,0,0,0,1,0,0,0,0,0,0,0,0,0,0,0,0,0,0,0,0
8000000000363,1,0,0,0,0,0,0,0,0,0,0,0,0,0,0,1,0,0,0,0
8000000000364,0,0,0,0,0,0,0,0,0,1,0,0,0,0,0,0,0,0,0,0
8000000000365,0,0,0,1,1,0,0,0,0,0,0,0,0,0,0,0,0,0,0,0
8000000000368,0,0,0,1,1,0,0,0,0,0,1,0,0,0,0,0,0,0,0,0
8000000000373,0,0,0,0,0,0,0,0,1,0,0,0,0,0,0,0,0,0,0,0
8000000000376,0,0,1,0,0,0,0,0,0,0,0,0,0,0,0,0,0,0,0,0
8000000000381,0,0,0,0,0,1,0,1,0,0,0,0,0,0,0,0,0,0,0,0
8000000000387,0,0,0,1,0,1,0,0,0,0,1,0,0,0,0,0,0,0,0,0
8000000000389,0,0,0,1,0,1,0,0,0,0,0,0,0,1,0,0,0,0,0,0
8000000000391,0,0,0,0,0,0,0,0,0,0,0,1,0,0,0,0,0,0,0,0
8000000000394,0,0,1,1,0,0,0,0,0,0,0,0,0,0,0,0,0,0,0,0
8000000000395,0,0,0,0,1,0,1,0,0,0,1,0,0,0,0,0,0,0,0,0
8000000000398,0,0,0,0,0,1,0,0,0,0,0,0,0,0,0,0,0,0,0,0
8000000000399,0,0,0,0,0,0,0,0,0,0,0,0,0,0,0,0,0,0,1,1
8000000000400,0,0,0,0,0,0,0,0,1,0,0,0,0,0,0,0,0,0,0,0
8000000000405,0,0,1,1,0,0,0,0,0,0,0,0,0,0,0,0,0,0,0,0
8000000000409,0,0,0,1,0,0,0,0,0,0,0,0,0,0,0,0,0,0,0,0
8000000000411,0,0,1,0,0,0,0,0,0,0,1,0,0,0,0,0,0,0,0,0
8000000000416,0,0,0,0,0,0,0,1,0,0,0,0,0,0,0,0,0,0,0,0
8000000000417,0,0,0,1,0,1,0,0,0,0,0,0,0,0,0,0,0,0,0,0
8000000000419,0,0,0,1,0,1,0,0,0,0,0,0,0,0,0,0,0,0,0,0
8000000000423,0,0,0,1,0,1,0,0,0,0,1,0,0,0,0,0,0,0,0,0
8000000000424,0,0,0,1,0,1,0,0,0,0,0,0,0,0,0,0,0,0,0,0
8000000000425,0,0,0,1,0,0,0,0,0,1,0,0,0,0,0,0,0,0,0,0
8000000000426,0,0,0,1,0,0,0,0,0,0,0,0,0,0,0,0,0,0,0,0
8000000000428,0,0,1,1,0,0,0,0,0,0,0,0,0,0,0,0,0,0,0,0
8000000000432,0,0,0,1,0,0,0,0,0,0,0,0,0,0,0,0,0,0,0,0
8000000000435,0,0,0,0,0,1,0,0,0,0,0,0,0,0,0,0,0,0,0,0
8000000000441,0,0,0,0,0,1,0,0,0,0,0,0,0,0,0,0,0,0,0,0
8000000000443,0,0,0,0,0,0,0,0,0,1,0,0,0,0,0,0,0,0,0,0
8000000000448,0,0,0,0,0,0,0,0,1,0,0,0,0,0,0,0,0,0,0,0
8000000000451,0,0,0,1,0,0,0,0,0,0,0,0,0,0,0,0,0,0,0,0
8000000000457,0,0,0,0,1,1,0,0,0,0,0,0,0,0,0,0,0,0,0,0
8000000000458,0,0,0,0,0,1,0,0,0,0,0,0,0,0,0,0,0,0,0,0
8000000000463,0,0,0,0,0,1,0,0,0,0,1,1,0,0,0,0,1,0,0,0
8000000000470,0,0,0,0,0,0,0,0,0,0,0,0,0,0,0,0,1,0,0,0
8000000000474,0,0,0,0,0,0,0,0,0,0,1,0,0,0,0,0,0,0,0,0
8000000000478,0,0,0,0,0,0,1,0,0,0,1,1,0,0,0,0,0,0,0,0
8000000000482,0,0,0,0,0,0,0,0,0,0,0,0,0,0,0,0,0,0,1,1
8000000000483,1,0,0,0,0,0,0,0,0,0,0,0,0,0,0,0,0,0,0,0
8000000000487,0,0,0,0,0,1,0,1,0,0,0,0,0,0,0,0,0,0,0,0
8000000000492,0,0,0,1,0,1,0,0,0,0,1,0,0,0,0,0,0,0,0,0
8000000000493,0,0,0,0,0,1,0,0,0,0,0,0,0,0,0,0,0,0,0,0
8000000000494,0,0,1,0,0,0,0,0,0,0,0,0,0,0,0,0,0,0,0,0
8000000000498,0,0,1,1,0,0,0,0,0,0,0,0,0,0,0,0,0,0,0,0
8000000000499,0,0,1,1,0,0,0,0,0,0,1,1,0,0,0,0,0,0,0,0
8000000000500,0,0,0,0,0,1,0,1,0,0,0,0,0,0,0,0,0,0,0,0
8000000000503,0,0,0,1,1,0,0,1,0,0,0,0,0,0,0,0,0,0,0,0
8000000000506,0,0,0,0,0,0,0,0,0,0,0,0,0,0,1,0,0,0,0,0
8000000000508,0,0,0,0,1,0,0,0,0,0,0,0,0,0,0,0,0,0,0,0
8000000000509,0,0,0,0,0,1,0,1,0,0,0,0,0,0,0,0,0,0,0,0
8000000000510,1,0,0,0,0,0,0,0,0,0,0,0,0,0,0,0,0,0,0,0
8000000000512,0,0,1,0,0,0,0,0,0,0,0,0,0,0,0,0,0,0,0,0
8000000000513,0,0,0,1,1,0,0,1,0,0,0,0,0,0,0,0,0,0,0,0
8000000000516,0,0,0,0,0,1,0,0,0,0,0,0,0,0,0,0,0,0,0,0
8000000000517,0,0,0,0,0,0,0,0,0,0,0,1,0,0,0,0,0,0,0,0
8000000000518,0,0,0,1,0,1,0,1,0,0,0,0,0,0,0,0,0,0,0,0
8000000000521,0,0,0,1,0,1,0,0,0,0,0,0,0,0,0,0,0,0,0,0
8000000000522,0,0,0,0,0,0,0,0,0,0,1,0,0,0,0,0,0,0,0,0
8000000000530,0,0,0,0,0,1,0,0,0,0,0,0,0,0,0,0,0,0,0,0
8000000000532,0,0,0,1,1,0,0,0,0,0,0,0,0,0,0,0,0,0,0,0
8000000000536,1,0,0,0,0,0,0,0,0,0,0,0,0,0,0,0,0,0,0,0
8000000000537,0,0,0,0,0,1,0,0,0,0,0,0,0,0,0,0,0,0,0,0
8000000000550,0,0,0,1,0,0,0,0,0,0,0,0,0,0,0,0,0,0,0,0
8000000000551,0,0,1,0,0,0,0,0,0,0,0,0,0,0,0,0,0,0,0,0
8000000000554,0,0,1,0,0,0,0,0,0,0,0,0,0,0,0,0,0,0,0,0
8000000000557,0,0,0,0,0,1,0,0,0,0,0,0,0,0,0,0,0,0,0,0
8000000000560,0,0,0,0,0,0,0,0,1,0,0,0,0,0,0,0,0,0,0,0
8000000000561,0,0,0,0,1,1,0,0,0,0,0,0,0,0,0,0,0,0,0,0
8000000000562,0,0,0,0,1,1,0,0,0,0,0,0,0,0,0,0,0,0,0,0
8000000000564,1,0,0,0,0,0,0,0,0,0,0,0,0,0,0,0,0,0,0,0
8000000000565,0,0,1,1,1,0,0,0,0,0,0,0,0,0,0,0,0,0,0,0
8000000000567,0,0,0,1,0,0,0,0,0,0,0,0,0,0,0,0,0,0,0,0
8000000000570,0,0,0,1,0,0,0,0,0,0,0,0,0,0,0,0,0,0,0,0
8000000000571,0,0,0,0,0,1,0,1,0,0,0,0,0,0,0,0,0,0,0,0
8000000000574,0,0,0,1,0,0,0,0,0,0,0,0,0,0,0,0,0,0,0,0
8000000000575,0,0,0,1,0,0,0,0,0,0,0,0,0,0,0,0,0,0,0,0
8000000000576,0,0,0,0,0,0,0,0,0,0,0,0,0,0,0,0,0,0,1,1
8000000000578,0,0,0,0,0,1,0,0,0,0,0,0,0,0,0,0,0,0,0,0
8000000000580,0,0,0,1,0,0,0,0,0,0,0,0,0,0,0,0,0,0,0,0
8000000000581,0,0,0,0,0,0,0,0,0,0,0,1,1,0,0,0,0,0,0,0
8000000000582,0,0,0,0,0,1,0,0,0,0,0,0,0,0,0,0,0,0,0,0
8000000000584,0,0,0,0,1,1,0,0,0,0,0,0,0,0,0,0,0,0,0,0
8000000000586,0,0,0,0,0,0,0,0,0,0,0,1,0,0,0,0,0,0,0,0
8000000000588,0,0,0,1,0,0,0,0,0,0,0,0,0,0,0,0,0,0,0,0
8000000000589,0,0,0,0,0,0,0,0,1,0,0,0,0,0,0,0,0,0,0,0
8000000000591,0,0,0,1,0,0,0,0,0,0,1,0,0,0,0,0,0,0,0,0
8000000000593,0,0,0,1,0,0,0,0,0,0,1,1,0,0,0,0,0,0,0,0
8000000000598,0,0,0,1,0,0,0,0,0,0,0,0,0,0,0,0,0,0,0,0
8000000000599,0,0,0,1,0,1,0,1,0,0,0,0,0,0,0,0,0,0,0,0
8000000000600,0,0,0,0,0,0,0,0,0,0,1,0,0,0,0,0,0,0,0,0
8000000000605,0,0,1,0,0,0,0,0,0,0,0,0,0,0,0,0,1,0,0,0
8000000000606,1,0,0,0,0,0,0,0,0,0,0,0,0,0,0,0,0,0,0,0
8000000000610,0,0,0,0,0,0,1,0,0,0,0,0,0,0,0,0,0,0,0,0
8000000000613,0,0,0,1,0,1,0,0,0,0,0,0,0,0,0,0,0,0,0,0
8000000000614,1,0,0,0,0,0,0,0,0,0,0,0,0,0,0,0,0,0,0,0
8000000000615,0,0,0,0,0,1,0,0,0,0,0,0,0,0,0,0,0,0,0,0
8000000000620,0,0,0,0,0,1,0,0,0,0,0,0,0,0,0,0,0,0,0,0
8000000000623,0,0,0,0,0,0,0,0,0,0,0,0,0,0,0,0,1,0,0,0
8000000000624,0,0,1,0,0,0,0,0,0,0,0,0,0,0,0,0,0,0,0,0
8000000000625,0,0,0,1,0,0,0,0,0,0,0,0,0,0,0,0,0,0,0,0
8000000000630,1,0,0,0,0,0,0,0,0,0,0,0,0,0,0,0,0,0,0,0
8000000000631,0,0,0,1,0,1,0,1,0,0,0,0,0,0,0,0,0,0,0,0
8000000000633,0,0,0,1,1,0,0,0,0,0,0,0,0,0,0,0,0,0,0,0
8000000000635,0,0,0,0,0,1,0,0,0,0,0,0,0,0,0,0,0,0,0,0
8000000000638,0,0,0,1,0,1,0,1,0,0,0,0,0,0,0,0,0,0,0,0
8000000000644,0,0,1,0,0,0,0,0,0,0,0,0,0,0,0,0,0,0,0,0
8000000000646,0,0,0,0,1,1,0,0,0,0,0,0,0,0,0,0,0,0,0,0
8000000000648,0,0,0,0,0,1,0,0,0,0,0,0,0,0,0,0,1,0,0,0
8000000000651,0,0,0,0,0,0,0,0,0,0,0,0,0,0,0,0,0,0,1,1
8000000000653,0,0,0,0,0,1,0,0,0,0,0,0,0,0,0,0,0,0,0,0
8000000000654,0,0,0,1,0,1,0,1,0,0,0,0,0,0,0,0,0,0,0,0
8000000000658,1,0,0,0,0,0,0,0,0,0,0,0,0,0,0,0,0,0,0,0
8000000000659,0,0,0,1,0,1,0,0,0,0,0,0,0,0,0,0,0,0,0,0
8000000000664,0,0,1,1,0,1,0,0,0,0,0,0,0,0,0,0,0,0,0,0
8000000000665,1,0,0,0,0,0,0,0,0,0,0,0,0,1,0,0,0,0,0,0
8000000000666,0,0,1,0,0,0,0,0,0,0,0,0,0,0,0,0,0,0,0,0
8000000000668,0,0,0,1,0,1,0,0,0,0,0,0,0,0,0,0,0,0,0,0
8000000000669,0,0,0,1,0,0,0,0,0,0,0,0,0,0,0,0,0,0,0,0
8000000000675,0,0,0,0,0,1,0,0,0,0,0,0,0,1,0,0,0,0,0,0
8000000000677,0,0,1,0,0,0,0,0,0,0,0,0,0,0,0,0,0,0,0,0
8000000000678,0,0,0,0,1,0,0,0,0,0,0,0,0,0,0,0,0,0,0,0
8000000000683,0,0,0,1,0,0,0,0,0,0,0,0,0,0,0,0,0,0,0,0
8000000000685,0,1,0,0,0,0,0,0,0,0,0,0,0,0,0,0,0,0,0,0
8000000000686,1,0,0,0,0,0,0,0,0,0,0,0,0,0,0,0,0,0,0,0
8000000000688,0,0,1,0,0,0,0,0,0,0,0,0,0,0,0,0,0,0,0,0
8000000000691,0,0,0,1,0,0,0,0,0,0,0,0,0,0,0,0,0,0,0,0
8000000000694,0,0,0,0,1,1,0,0,0,0,0,0,0,0,0,0,0,0,0,0
8000000000695,0,0,0,1,0,0,0,0,0,0,0,0,0,0,0,0,0,0,0,0
8000000000698,0,0,0,0,0,1,0,0,0,0,0,0,0,0,0,0,0,0,0,0
8000000000699,0,0,0,0,0,0,0,0,0,0,0,0,0,1,0,0,0,0,0,0
8000000000700,0,0,0,0,0,1,0,0,0,0,0,1,0,0,0,0,0,0,0,0
8000000000703,0,0,0,1,0,0,0,0,0,0,0,0,0,0,0,0,0,0,0,0
8000000000707,0,0,0,0,0,0,0,0,0,0,0,0,0,0,0,0,0,0,1,1
8000000000709,0,0,0,1,0,0,0,0,0,0,0,0,0,0,0,0,0,0,0,0
8000000000716,0,0,0,0,0,1,0,0,0,0,0,0,0,0,0,0,0,0,0,0
8000000000718,0,0,1,0,0,0,0,0,0,0,0,0,0,0,0,0,0,0,0,0
8000000000720,0,0,0,1,0,1,0,0,0,0,0,0,0,0,0,0,0,0,0,0
8000000000721,0,0,0,0,0,0,0,0,0,0,0,0,0,0,0,0,0,0,1,1
8000000000723,0,0,0,1,0,0,0,0,0,0,0,0,0,0,0,0,0,0,0,0
8000000000726,0,0,0,1,0,1,0,0,0,0,0,0,0,0,0,0,0,0,0,0
8000000000727,0,1,0,0,0,0,0,0,0,0,0,1,0,0,0,0,0,0,0,0
8000000000729,0,0,0,1,0,0,0,0,0,0,0,0,0,0,0,0,1,0,0,0
8000000000730,0,0,0,0,0,1,0,0,0,0,0,0,0,0,0,0,0,0,0,0
8000000000732,1,0,0,0,0,0,0,0,0,0,0,0,0,0,0,0,0,0,0,0
8000000000735,0,0,0,0,0,0,0,0,0,0,0,0,0,0,0,0,1,0,0,0
8000000000737,0,0,0,0,0,1,0,0,0,0,0,0,0,0,0,0,0,0,0,0
8000000000741,0,0,0,0,0,1,0,0,0,0,0,0,0,0,0,0,0,0,0,0
8000000000743,0,0,0,0,0,1,0,1,0,0,0,0,0,0,0,0,0,0,0,0
8000000000745,0,0,0,0,0,1,0,0,0,0,0,0,0,0,0,0,0,0,0,0
8000000000746,0,0,0,1,0,0,0,0,0,0,0,0,0,0,0,0,0,0,0,0
8000000000749,0,0,0,1,0,0,0,0,0,0,0,0,0,0,0,0,0,0,0,0
8000000000750,0,0,1,0,0,0,0,0,0,0,0,0,0,0,0,0,0,0,0,0
8000000000752,0,0,0,1,0,1,0,0,0,0,0,0,0,0,0,0,0,0,0,0
8000000000754,0,0,1,0,0,0,0,0,0,0,0,0,0,0,0,0,0,0,0,0
8000000000756,0,0,1,0,0,0,0,0,0,0,0,0,0,0,0,0,0,0,0,0
8000000000758,0,0,1,0,0,0,0,0,0,0,0,0,0,0,0,0,0,0,0,0
8000000000763,0,0,0,0,0,0,0,0,0,0,0,0,0,0,0,0,0,0,1,1
8000000000766,0,0,0,0,0,1,0,0,1,0,0,0,0,0,0,0,0,0,0,0
8000000000769,1,0,0,0,0,0,0,0,0,0,0,0,0,0,0,0,0,0,0,0
8000000000771,0,0,0,1,0,0,0,0,0,0,0,0,0,0,0,1,0,0,0,0
8000000000775,0,0,1,0,0,0,0,0,0,0,0,0,0,0,0,0,0,0,0,0
8000000000777,0,0,0,1,0,0,0,0,0,0,0,0,0,0,0,0,0,0,0,0
8000000000781,0,0,0,0,0,1,0,1,0,0,0,0,0,1,0,0,0,0,0,0
8000000000793,1,0,0,0,0,0,0,0,0,0,0,0,0,0,0,0,0,0,0,0
8000000000795,0,0,0,1,0,0,0,0,0,0,0,0,0,0,0,1,0,0,0,0
8000000000798,0,0,0,1,0,0,0,1,0,0,0,0,0,1,0,0,0,0,0,0
8000000000806,0,0,0,1,0,0,0,0,0,0,0,0,0,0,0,0,0,0,0,0
8000000000816,0,0,0,0,0,1,0,0,0,0,0,0,0,0,0,0,0,0,0,0
8000000000819,0,0,0,1,0,0,0,0,0,0,0,0,0,0,0,0,0,0,0,0
8000000000820,0,0,0,0,0,0,0,0,1,0,0,0,0,0,0,0,0,0,0,0
8000000000825,0,0,0,0,0,1,0,0,0,0,0,0,0,0,0,0,0,0,0,0
8000000000827,0,0,0,1,0,1,0,0,0,0,0,0,0,0,0,0,0,0,0,0
8000000000829,0,0,0,1,0,0,0,0,1,0,0,0,0,1,0,0,0,0,0,0
8000000000830,0,0,0,0,0,1,0,0,0,0,0,0,0,0,0,0,0,0,0,0
8000000000831,0,0,0,1,0,0,0,0,0,0,1,1,0,0,0,0,0,0,0,0
8000000000832,1,0,0,0,0,0,0,0,0,0,0,0,0,0,0,0,0,0,0,0
8000000000838,1,0,0,0,0,0,0,0,0,0,0,0,0,0,0,0,0,0,0,0
8000000000840,0,0,0,0,1,1,0,0,0,0,0,0,0,0,0,0,0,0,0,0
8000000000843,0,0,0,1,0,0,0,0,0,0,0,0,0,0,0,0,0,0,0,0
8000000000846,0,0,0,0,0,0,0,0,0,0,0,0,0,0,0,1,0,0,0,0
8000000000849,0,1,0,0,0,0,0,1,0,0,0,0,0,0,0,0,0,0,0,0
8000000000852,0,0,0,0,0,1,0,0,0,0,0,0,0,0,0,0,0,0,0,0
8000000000853,0,0,0,0,0,0,0,0,0,0,0,0,0,0,0,0,0,0,1,1
8000000000854,0,0,0,0,0,0,0,0,1,0,0,0,0,0,0,0,0,0,0,0
8000000000858,0,0,0,0,0,0,0,0,0,0,1,1,0,0,0,0,0,0,0,0
8000000000860,0,0,0,1,0,1,0,0,0,0,1,0,0,0,0,0,0,0,0,0
8000000000864,0,0,0,1,0,0,0,0,0,0,0,0,0,0,0,0,0,0,0,0
8000000000870,0,0,0,0,0,1,0,0,0,0,0,0,0,0,0,0,0,0,0,0
8000000000873,0,0,0,0,0,0,0,0,0,0,0,0,0,0,0,0,0,0,1,1
8000000000876,0,0,0,0,0,0,0,0,0,0,0,0,0,0,0,0,0,0,1,1
8000000000881,0,0,0,0,0,0,1,0,0,0,0,1,0,0,0,0,0,0,0,0
8000000000882,1,0,0,0,0,0,0,0,0,0,0,0,0,0,0,0,0,0,0,0
8000000000885,0,0,0,0,0,1,0,0,0,0,0,0,0,0,0,0,0,0,0,0
8000000000886,0,0,0,1,0,0,0,0,0,0,0,0,0,0,0,0,0,0,0,0
8000000000889,0,0,0,1,0,0,0,1,0,0,0,0,0,0,0,0,0,0,0,0
8000000000890,0,0,0,0,0,0,0,0,1,0,0,0,0,0,0,0,0,0,0,0
8000000000892,0,0,0,0,0,0,0,1,0,0,0,0,0,0,0,0,0,0,0,0
8000000000898,0,0,0,1,0,0,0,0,0,0,0,0,0,0,0,0,1,0,0,0
8000000000900,0,0,0,1,0,0,0,0,0,0,0,0,0,0,0,0,0,0,0,0
8000000000901,0,1,0,0,0,1,0,0,0,0,0,1,0,0,0,0,0,0,0,0
8000000000903,0,0,1,0,0,0,0,0,0,0,0,0,0,0,0,0,0,0,0,0
8000000000905,0,0,0,0,0,1,0,0,0,0,0,0,0,0,0,0,0,0,0,0
8000000000907,0,0,0,1,0,0,0,0,0,0,0,0,0,0,0,0,0,0,0,0
8000000000909,0,0,0,0,0,0,0,0,0,0,0,0,0,0,0,0,0,0,1,1
8000000000914,0,0,0,0,0,1,0,0,0,0,0,0,0,0,0,0,0,0,0,0
8000000000915,0,0,0,0,0,1,0,0,0,0,1,0,0,0,0,0,0,0,0,0
8000000000918,0,0,0,0,0,1,0,0,0,0,0,0,0,0,0,0,0,0,0,0
8000000000921,0,0,0,1,0,1,0,0,0,0,0,0,0,0,0,0,0,0,0,0
8000000000929,0,0,0,1,0,0,0,0,0,0,0,0,0,0,0,0,0,0,0,0
8000000000931,0,0,0,1,0,0,0,0,0,0,0,0,0,0,0,0,0,0,0,0
8000000000932,0,0,0,0,0,0,0,0,1,1,0,0,0,0,0,0,0,0,0,0
8000000000940,0,1,0,0,0,0,0,0,0,0,0,0,0,0,0,0,0,0,0,0
8000000000942,0,0,0,0,0,0,0,0,1,1,0,0,0,0,0,0,0,0,0,0
8000000000953,0,0,0,1,0,0,0,0,0,0,0,0,0,0,0,0,0,0,0,0
8000000000962,0,0,0,1,0,0,0,1,0,0,0,0,0,0,0,0,0,0,0,0
8000000000964,0,0,1,0,1,0,0,0,0,0,1,0,0,0,0,0,0,0,0,0
8000000000968,0,0,0,1,0,1,0,0,0,0,0,0,0,0,0,0,0,0,0,0
8000000000973,1,0,0,0,0,0,0,0,0,0,0,0,0,0,0,1,0,0,0,0
8000000000979,0,1,0,0,0,0,0,0,0,0,0,0,0,0,0,0,0,0,0,0
8000000000986,0,0,0,0,0,1,0,0,0,0,0,0,0,1,0,0,0,0,0,0
8000000000990,0,0,0,1,0,1,0,0,0,0,0,0,0,0,0,0,0,0,0,0
8000000000992,0,0,0,1,0,0,0,1,0,0,0,0,0,0,0,0,0,0,0,0
8000000000998,0,0,0,0,0,0,1,0,1,0,1,0,0,1,0,0,0,0,0,0
